# Les sens français du vocabulaire de Nihongo, traduits à la main depuis le
# mot japonais (l'anglais des listes de Waller n'a servi que d'indice).
#
# Une ligne par mot : sa clé (le mot, puis « ・ » et sa lecture s'il a des
# kanjis), une tabulation, ses sens séparés par des virgules, le plus
# courant d'abord. Ce qui est entre parenthèses précise le sens sans être
# exigé d'une réponse. Les trois premiers sens sont ceux que montre la
# carte « retrouver le mot » : ils doivent suffire à le désigner.
#
# Voir « Le vocabulaire » dans nihongo.py ; tests.py vérifie que chaque
# clé correspond encore à un mot.

# ---------------------------------------------------------------- N5
秋・あき	automne
足・あし	pied, jambe
後・あと	après, plus tard, ensuite
言う・いう	dire
いちばん	le premier, le meilleur, le plus
意味・いみ	sens, signification
映画・えいが	film, cinéma
男・おとこ	homme
音楽・おんがく	musique
外国・がいこく	pays étranger, l'étranger
外国人・がいこくじん	étranger (personne)
会社・かいしゃ	entreprise, société
学生・がくせい	étudiant
家族・かぞく	famille
学校・がっこう	école
家庭・かてい	foyer, famille, ménage
木・き	arbre, bois
北・きた	nord
九・きゅう	neuf (9)
銀行・ぎんこう	banque
国・くに	pays
車・くるま	voiture, véhicule
五・ご	cinq
声・こえ	voix
午後・ごご	après-midi
午前・ごぜん	matin, matinée
今年・ことし	cette année
言葉・ことば	mot, langue, parole
子供・こども	enfant
今月・こんげつ	ce mois-ci, (le) mois en cours
三・さん	trois
四・し	quatre
時間・じかん	temps, heure, durée
仕事・しごと	travail, emploi
七・しち	sept
質問・しつもん	question
自動車・じどうしゃ	automobile, voiture
自分・じぶん	soi-même, soi
写真・しゃしん	photo, photographie
十・じゅう	dix
新聞・しんぶん	journal
少し・すこし	un peu
千・せん	mille
大学・だいがく	université
手・て	main
電話・でんわ	téléphone, appel
夏・なつ	été
二・に	deux
八・はち	huit
花・はな	fleur
話・はなし	conversation, histoire, discours
春・はる	printemps
東・ひがし	est
左・ひだり	gauche
一つ・ひとつ	un (objet)
百・ひゃく	cent
病院・びょういん	hôpital
二人・ふたり	deux personnes, couple
毎日・まいにち	tous les jours, chaque jour
右・みぎ	droite
水・みず	eau
道・みち	chemin, route, rue
南・みなみ	sud
問題・もんだい	problème, question
来年・らいねん	l'année prochaine
六・ろく	six
私・わたし	je, moi
雨・あめ	pluie
一緒・いっしょ	ensemble
色・いろ	couleur
歌・うた	chanson, chant
海・うみ	mer
絵・え	image, tableau, dessin
英語・えいご	anglais (langue)
一昨年・おととし	il y a deux ans
女・おんな	femme
体・からだ	corps
今日・きょう	aujourd'hui
口・くち	bouche
結婚・けっこん	mariage
公園・こうえん	parc
雑誌・ざっし	magazine, revue
知る・しる	savoir, connaître
生徒・せいと	élève
先月・せんげつ	le mois dernier
先生・せんせい	professeur, maître, docteur
外・そと	dehors, extérieur
大切・たいせつ	important, précieux
大変・たいへん	très, terrible, pénible
使う・つかう	utiliser, se servir de
電気・でんき	électricité, lumière (électrique)
動物・どうぶつ	animal
年・とし	année, âge
名前・なまえ	nom
何・なに	quoi, que
西・にし	ouest
半分・はんぶん	moitié
一人・ひとり	une personne, seul
病気・びょうき	maladie
二つ・ふたつ	deux (objets)
部屋・へや	pièce, chambre
本当・ほんとう	vrai, vérité, vraiment
町・まち	ville, quartier
山・やま	montagne
呼ぶ・よぶ	appeler, inviter
夜・よる	nuit, soir
料理・りょうり	cuisine, plat
旅行・りょこう	voyage
練習・れんしゅう	entraînement, exercice
青・あお	bleu
犬・いぬ	chien
大人・おとな	adulte
紙・かみ	papier
川・かわ	rivière
河・かわ	fleuve, grande rivière
教室・きょうしつ	salle de classe, classe (la salle)
黒・くろ	noir
魚・さかな	poisson
授業・じゅぎょう	cours, leçon
白・しろ	blanc
全部・ぜんぶ	tout, l'ensemble
そば	à côté, près de, soba (nouilles de sarrasin)
大使館・たいしかん	ambassade
出す・だす	sortir (quelque chose), envoyer, rendre
建物・たてもの	bâtiment
手紙・てがみ	lettre (courrier)
半・はん	demi, moitié
番号・ばんごう	numéro
冬・ふゆ	hiver
勉強・べんきょう	étude, étudier
毎年・まいねん	chaque année, tous les ans
三つ・みっつ	trois (objets)
緑・みどり	vert, verdure
耳・みみ	oreille
村・むら	village
門・もん	portail, porte d'entrée
野菜・やさい	légume
有名・ゆうめい	célèbre, connu
雪・ゆき	neige
横・よこ	côté, à côté, largeur
来月・らいげつ	le mois prochain
両親・りょうしん	parents (père et mère)
大きな・おおきな	grand, gros
大勢・おおぜい	beaucoup de monde, foule
お金・おかね	argent
弟・おとうと	petit frère
薬・くすり	médicament
自転車・じてんしゃ	vélo, bicyclette
作る・つくる	faire, fabriquer, préparer
電車・でんしゃ	train (électrique)
隣・となり	voisin, à côté
鳥・とり	oiseau
昼・ひる	midi, journée, déjeuner
広い・ひろい	large, spacieux, vaste
服・ふく	vêtement
窓・まど	fenêtre
明日・あした	demain
兄・あに	grand frère (le sien)
ある	il y a, être (pour les choses), avoir, se trouver
池・いけ	étang
入り口・いりぐち	entrée
駅・えき	gare, station
お母さん・おかあさん	mère, maman
兄弟・きょうだい	frères et sœurs, frères
警官・けいかん	policier, agent de police
玄関・げんかん	entrée (de maison), vestibule
今週・こんしゅう	cette semaine
静か・しずか	calme, silencieux, tranquille
先週・せんしゅう	la semaine dernière
卵・たまご	œuf
地下鉄・ちかてつ	métro
地図・ちず	carte, plan
図書館・としょかん	bibliothèque
どの	quel, lequel
友達・ともだち	ami
夏休み・なつやすみ	vacances d'été
肉・にく	viande
歯・は	dent
橋・はし	pont
飛行機・ひこうき	avion
文章・ぶんしょう	texte, phrase, écrit
毎月・まいげつ	chaque mois, tous les mois
毎週・まいしゅう	chaque semaine, toutes les semaines
休み・やすみ	repos, congé, vacances
留学生・りゅうがくせい	étudiant étranger
医者・いしゃ	médecin
妹・いもうと	petite sœur
後ろ・うしろ	derrière, arrière
お茶・おちゃ	thé (vert)
女の子・おんなのこ	fille, petite fille
買い物・かいもの	courses, achats, shopping
角・かど	coin (de rue), angle
靴・くつ	chaussure
元気・げんき	en forme, en bonne santé, énergie
塩・しお	sel
大丈夫・だいじょうぶ	ça va, sans problème, rassuré
天気・てんき	temps (météo)
取る・とる	prendre, attraper
庭・にわ	jardin
便利・べんり	pratique, commode
皆さん・みなさん	tout le monde, vous tous
四つ・よっつ	quatre (objets)
来週・らいしゅう	la semaine prochaine
立派・りっぱ	splendide, magnifique, remarquable
姉・あね	grande sœur (la sienne)
今・いま	maintenant
嫌・いや	désagréable, détestable, non merci
大きい・おおきい	grand, gros
お父さん・おとうさん	père, papa
男の子・おとこのこ	garçon
階段・かいだん	escalier
漢字・かんじ	kanji, caractère chinois
台所・だいどころ	cuisine (pièce)
机・つくえ	bureau, table de travail
戸・と	porte (japonaise)
時々・ときどき	parfois, de temps en temps
時計・とけい	montre, horloge
猫・ねこ	chat
晩・ばん	soir, soirée
難しい・むずかしい	difficile
夕方・ゆうがた	fin d'après-midi, soir
郵便局・ゆうびんきょく	bureau de poste, poste
会う・あう	rencontrer, voir (quelqu'un)
青い・あおい	bleu
赤い・あかい	rouge
明るい・あかるい	lumineux, clair, gai
開く・あく	s'ouvrir
開ける・あける	ouvrir
上げる・あげる	lever, monter, donner
朝・あさ	matin
あさって	après-demain
あそこ	là-bas
遊ぶ・あそぶ	jouer, s'amuser, sortir
暖かい・あたたかい	chaud (agréablement), doux
頭・あたま	tête
新しい・あたらしい	nouveau, neuf
あちら	là-bas, par là (poli)
暑い・あつい	chaud (temps)
熱い・あつい	chaud, brûlant (au toucher)
厚い・あつい	épais
あっち	là-bas, par là
あなた	vous, tu
アパート	appartement
あびる	prendre (une douche), se baigner
危ない・あぶない	dangereux
甘い・あまい	sucré, doux, indulgent
あまり	pas très, pas beaucoup, trop
飴・あめ	bonbon
洗う・あらう	laver
歩く・あるく	marcher
あれ	cela, ça (là-bas)
いい	bien, bon
良い・よい	bon, bien
いいえ	non
家・いえ	maison
行く・いく	aller
いくつ	combien, quel âge
いくら	combien (prix)
いす	chaise
忙しい・いそがしい	occupé, chargé
痛い・いたい	douloureux, avoir mal
一・いち	un
一日・いちにち	une journée, toute la journée
いつ	quand
五日・いつか	cinq jours, le cinq (du mois)
五つ・いつつ	cinq (objets)
いつも	toujours, d'habitude
いる	être, se trouver (êtres vivants), il y a
入れる・いれる	mettre dedans, insérer
いろいろ	divers, varié
上・うえ	dessus, en haut, au-dessus
薄い・うすい	mince, fin, léger, pâle
歌う・うたう	chanter
生まれる・うまれる	naître
売る・うる	vendre
うるさい	bruyant, agaçant
上着・うわぎ	veste
映画館・えいがかん	cinéma (salle)
ええ	oui
エレベーター	ascenseur
鉛筆・えんぴつ	crayon
おいしい	bon, délicieux
多い・おおい	nombreux, beaucoup
お菓子・おかし	friandise, gâteau, sucrerie
起きる・おきる	se lever, se réveiller
置く・おく	poser, mettre
奥さん・おくさん	épouse, femme (de quelqu'un d'autre)
おじいさん	grand-père, vieil homme
教える・おしえる	enseigner, indiquer, apprendre (à quelqu'un)
押す・おす	pousser, appuyer
遅い・おそい	lent, tard, en retard
お手洗い・おてあらい	toilettes
一昨日・おととい	avant-hier
おなか	ventre
同じ・おなじ	même, pareil
お兄さん・おにいさん	grand frère
お姉さん・おねえさん	grande sœur
おばあさん	grand-mère, vieille dame
覚える・おぼえる	retenir, mémoriser, se souvenir
おまわりさん	agent de police, policier
重い・おもい	lourd
おもしろい	intéressant, amusant, drôle
泳ぐ・およぐ	nager
降りる・おりる	descendre (d'un véhicule)
終わる・おわる	finir, se terminer
買う・かう	acheter
返す・かえす	rendre, retourner (quelque chose)
帰る・かえる	rentrer, retourner (chez soi)
かかる	prendre (du temps), coûter
鍵・かぎ	clé, serrure
書く・かく	écrire
かける	téléphoner, accrocher, mettre (des lunettes)
傘・かさ	parapluie
貸す・かす	prêter
風・かぜ	vent
風邪・かぜ	rhume
方・かた	personne (poli), façon de faire
カップ	tasse
かばん	sac, cartable
花瓶・かびん	vase
カメラ	appareil photo
火曜日・かようび	mardi
辛い・からい	épicé, piquant
借りる・かりる	emprunter
軽い・かるい	léger
カレー	curry
カレンダー	calendrier
かわいい	mignon, joli
黄色・きいろ	jaune
黄色い・きいろい	jaune
消える・きえる	disparaître, s'éteindre
聞く・きく	écouter, entendre, demander
ギター	guitare
汚い・きたない	sale
喫茶店・きっさてん	café (salon de thé)
切手・きって	timbre
切符・きっぷ	billet, ticket
昨日・きのう	hier
牛肉・ぎゅうにく	bœuf (viande)
牛乳・ぎゅうにゅう	lait
去年・きょねん	l'année dernière
嫌い・きらい	détester, ne pas aimer, détesté
切る・きる	couper
着る・きる	mettre, porter (un vêtement du haut)
きれい	joli, beau, propre
キロ	kilo
キログラム	kilogramme
キロメートル	kilomètre
金曜日・きんようび	vendredi
果物・くだもの	fruit
靴下・くつした	chaussette
曇り・くもり	temps nuageux, nuages
曇る・くもる	se couvrir (ciel), s'assombrir
暗い・くらい	sombre, obscur
クラス	classe
グラム	gramme
来る・くる	venir
黒い・くろい	noir
今朝・けさ	ce matin
消す・けす	éteindre, effacer
結構・けっこう	très bien, assez, ça suffit
月曜日・げつようび	lundi
交差点・こうさてん	carrefour, croisement
紅茶・こうちゃ	thé (noir)
交番・こうばん	poste de police (de quartier)
コート	manteau, court (de tennis)
コーヒー	café (boisson)
ここ	ici
九日・ここのか	neuf jours, le neuf (du mois)
九つ・ここのつ	neuf (objets)
こちら	ici, par ici, cette personne (poli)
こっち	ici, par ici
この	ce, cette (près de moi)
御飯・ごはん	riz (cuit), repas
コピー	copie, photocopie
困る・こまる	être embêté, être dans l'embarras
これ	ceci, ça (près de moi)
こんな	tel, comme ceci
今晩・こんばん	ce soir
さあ	allons, eh bien, voyons
財布・さいふ	portefeuille, porte-monnaie
先・さき	devant, bout, avance, avant
咲く・さく	fleurir, s'épanouir
作文・さくぶん	rédaction, composition
差す・さす	ouvrir (un parapluie), tendre
砂糖・さとう	sucre
寒い・さむい	froid (temps)
再来年・さらいねん	dans deux ans
散歩・さんぽ	promenade, se promener
しかし	cependant, mais
辞書・じしょ	dictionnaire
下・した	dessous, en bas
死ぬ・しぬ	mourir
字引・じびき	dictionnaire
閉まる・しまる	se fermer, être fermé
閉める・しめる	fermer
締める・しめる	serrer, nouer, attacher
じゃあ	bon alors, eh bien
シャツ	chemise, t-shirt
シャワー	douche
宿題・しゅくだい	devoirs
上手・じょうず	doué, habile, bon (en quelque chose)
丈夫・じょうぶ	solide, robuste, en bonne santé
しょうゆ	sauce soja
食堂・しょくどう	cantine, réfectoire, salle à manger
白い・しろい	blanc
水曜日・すいようび	mercredi
吸う・すう	fumer, aspirer, respirer
スカート	jupe
好き・すき	aimer, aimé, préféré
少ない・すくない	peu nombreux, peu
涼しい・すずしい	frais (agréablement)
ストーブ	poêle, chauffage
スプーン	cuillère
スポーツ	sport
ズボン	pantalon
住む・すむ	habiter, vivre
スリッパ	pantoufles, chaussons
する	faire
座る・すわる	s'asseoir
セーター	pull
せっけん	savon
背広・せびろ	costume (d'homme)
狭い・せまい	étroit, petit (espace)
洗濯・せんたく	lessive, faire la lessive
掃除・そうじ	ménage, nettoyage
そうして	et puis, ainsi
そして	et, et puis
そちら	là, par là, vous (poli)
そっち	là, par là
空・そら	ciel
それ	cela, ça
それから	ensuite, après ça
それでは	alors, dans ce cas, eh bien
大好き・だいすき	adorer, préféré
高い・たかい	haut, cher
たくさん	beaucoup
タクシー	taxi
立つ・たつ	se lever, se tenir debout
縦・たて	longueur, hauteur, vertical
楽しい・たのしい	agréable, amusant
頼む・たのむ	demander (un service), commander
たばこ	tabac, cigarette
多分・たぶん	probablement, peut-être
食べ物・たべもの	nourriture, aliment
食べる・たべる	manger
誰・だれ	qui
誰か・だれか	quelqu'un
誕生日・たんじょうび	anniversaire
だんだん	peu à peu, progressivement
小さい・ちいさい	petit
近い・ちかい	proche, près
違う・ちがう	être différent, être faux
近く・ちかく	près, environs
茶色・ちゃいろ	marron, brun
ちゃわん	bol (à riz), tasse à thé
ちょうど	juste, exactement, pile
ちょっと	un peu, un instant
一日・ついたち	le premier (du mois)
疲れる・つかれる	se fatiguer, être fatigué
次・つぎ	suivant, prochain
着く・つく	arriver
つける	allumer, attacher, mettre
勤める・つとめる	travailler (pour), être employé
つまらない	ennuyeux, sans intérêt
冷たい・つめたい	froid (au toucher)
強い・つよい	fort, puissant
テープ	ruban, cassette
テーブル	table
出かける・でかける	sortir
できる	pouvoir, savoir faire, être fait
出口・でぐち	sortie
テスト	test, examen
では	alors, bon
デパート	grand magasin
出る・でる	sortir, partir, apparaître
テレビ	télévision
ドア	porte
トイレ	toilettes
どう	comment
どうして	pourquoi, comment
どうぞ	je vous en prie, allez-y, s'il vous plaît
どうも	merci, très
遠い・とおい	loin, lointain
十日・とおか	dix jours, le dix (du mois)
どこ	où
所・ところ	endroit, lieu
どちら	lequel (des deux), où (poli), qui (poli)
どっち	lequel (des deux)
とても	très
どなた	qui (poli)
飛ぶ・とぶ	voler (dans les airs), sauter
止まる・とまる	s'arrêter
土曜日・どようび	samedi
撮る・とる	prendre (une photo), filmer
どれ	lequel
ナイフ	couteau
中・なか	intérieur, dedans, milieu
長い・ながい	long
鳴く・なく	chanter (oiseau), crier (animal)
なくす	perdre
なぜ	pourquoi
七つ・ななつ	sept (objets)
七日・なのか	sept jours, le sept (du mois)
習う・ならう	apprendre (auprès de quelqu'un)
並ぶ・ならぶ	faire la queue, s'aligner
並べる・ならべる	aligner, disposer
なる	devenir
何・なん	quoi, combien
賑やか・にぎやか	animé, vivant, bruyant
日曜日・にちようび	dimanche
荷物・にもつ	bagage, colis
ニュース	informations, nouvelles
脱ぐ・ぬぐ	enlever (un vêtement), se déshabiller
ぬるい	tiède
ネクタイ	cravate
寝る・ねる	dormir, se coucher
ノート	cahier
登る・のぼる	grimper, monter, gravir
飲み物・のみもの	boisson
飲む・のむ	boire, prendre (un médicament)
乗る・のる	monter (dans un véhicule), prendre (le train)
パーティー	fête, soirée
灰皿・はいざら	cendrier
入る・はいる	entrer, contenir
はがき	carte postale
履く・はく	mettre (chaussures ou pantalon), porter
箱・はこ	boîte
箸・はし	baguettes
始まる・はじまる	commencer
初め・はじめ	début (dans le temps), au début
始め・はじめ	début, commencement
初めて・はじめて	(pour la) première fois
走る・はしる	courir
バス	bus
バター	beurre
二十歳・はたち	vingt ans (âge)
働く・はたらく	travailler
二十日・はつか	vingt jours, le vingt (du mois)
鼻・はな	nez
話す・はなす	parler
早い・はやい	tôt, précoce
速い・はやい	rapide
貼る・はる	coller
晴れ・はれ	beau temps
晴れる・はれる	s'éclaircir, faire beau
パン	pain
ハンカチ	mouchoir
引く・ひく	tirer
弾く・ひく	jouer (d'un instrument)
低い・ひくい	bas, petit (taille)
人・ひと	personne, gens
暇・ひま	temps libre, libre
フィルム	pellicule
封筒・ふうとう	enveloppe
プール	piscine
フォーク	fourchette
吹く・ふく	souffler
豚肉・ぶたにく	porc (viande)
二日・ふつか	deux jours, le deux (du mois)
太い・ふとい	gros, épais
降る・ふる	tomber (pluie ou neige)
古い・ふるい	vieux, ancien (pas pour les gens)
風呂・ふろ	bain
ページ	page
下手・へた	maladroit, mauvais (en quelque chose)
ベッド	lit
辺・へん	environs, alentours
ペン	stylo
帽子・ぼうし	chapeau, casquette
ボールペン	stylo (à bille)
ほか	autre, le reste
ポケット	poche
欲しい・ほしい	vouloir, avoir envie de
ポスト	boîte aux lettres
細い・ほそい	fin, mince
ホテル	hôtel
本・ほん	livre
本棚・ほんだな	étagère (à livres), bibliothèque
毎朝・まいあさ	tous les matins, chaque matin
毎晩・まいばん	tous les soirs, chaque soir
前・まえ	devant, avant
曲がる・まがる	tourner, se courber
まずい	mauvais (goût), fâcheux
また	encore, de nouveau
まだ	encore, pas encore, toujours
待つ・まつ	attendre
まっすぐ	tout droit, droit
丸い・まるい	rond
円い・まるい	rond, circulaire
万・まん	dix mille
万年筆・まんねんひつ	stylo-plume
磨く・みがく	brosser (les dents), polir
短い・みじかい	court
店・みせ	magasin, boutique
見せる・みせる	montrer
三日・みっか	trois jours, le trois (du mois)
見る・みる	voir, regarder
観る・みる	regarder (un spectacle), voir (un film)
みんな	tout le monde, tous
六日・むいか	six jours, le six (du mois)
向こう・むこう	là-bas, de l'autre côté, en face
六つ・むっつ	six (objets)
目・め	œil
メートル	mètre
めがね	lunettes
もう	déjà, encore, plus
木曜日・もくようび	jeudi
持つ・もつ	tenir, porter, avoir
もっと	plus, davantage
物・もの	chose, objet
八百屋・やおや	marchand de légumes, primeur
やさしい	facile, simple
安い・やすい	bon marché, pas cher
休む・やすむ	se reposer, prendre congé, être absent
八つ・やっつ	huit (objets)
やる	faire, donner
夕飯・ゆうはん	dîner, repas du soir
ゆっくり	lentement, tranquillement
八日・ようか	huit jours, le huit (du mois)
洋服・ようふく	vêtements (occidentaux)
四日・よっか	quatre jours, le quatre (du mois)
読む・よむ	lire
弱い・よわい	faible
ラジオ	radio
零・れい	zéro
冷蔵庫・れいぞうこ	réfrigérateur, frigo
レコード	disque
レストラン	restaurant
廊下・ろうか	couloir
ワイシャツ	chemise (blanche)
若い・わかい	jeune
わかる	comprendre, savoir
忘れる・わすれる	oublier
渡す・わたす	remettre, donner (en main propre)
渡る・わたる	traverser
悪い・わるい	mauvais, méchant
より	que (comparaison), depuis
方・ほう	côté, direction, plutôt (comparaison)
ください	s'il vous plaît, donnez-moi
昨夜・ゆうべ	hier soir
赤・あか	rouge
朝ごはん・あさごはん	petit-déjeuner
あの	ce (là-bas), euh
いかが	comment (poli), que diriez-vous de
お風呂・おふろ	bain
お弁当・おべんとう	bento, panier-repas
答える・こたえる	répondre
じゃ	bon, alors
すぐに	tout de suite, immédiatement
背・せ	taille, dos
ゼロ	zéro
そこ	là
その	ce, cette (près de toi)
小さな・ちいさな	petit
でも	mais, pourtant
など	etc., entre autres
はい	oui
晩御飯・ばんごはん	dîner, repas du soir
一月・ひとつき	un mois
昼ご飯・ひるごはん	déjeuner, repas de midi
もう一度・もういちど	encore une fois
よく	souvent, bien
鶏肉・とりにく	poulet (viande)
テープレコーダー	magnétophone
私・わたくし	je, moi (poli)
ペット	animal (de compagnie)
ラジカセ	radiocassette
お酒・おさけ	alcool, saké
お皿・おさら	assiette, plat
おじさん	oncle, monsieur (d'un certain âge)
おばさん	tante, dame (d'un certain âge)
コップ	verre (à boire)
ボタン	bouton
マッチ	allumette
ラジオカセット	radiocassette

# ---------------------------------------------------------------- N4
安全・あんぜん	sécurité, sûr
意見・いけん	avis, opinion
運動・うんどう	exercice (physique), sport, mouvement
行う・おこなう	faire, effectuer, organiser
夫・おっと	mari (le sien)
会議・かいぎ	réunion, conférence
形・かたち	forme
関係・かんけい	relation, rapport, lien
気・き	esprit, humeur, attention
技術・ぎじゅつ	technique, technologie, savoir-faire
気持ち・きもち	sentiment, humeur, sensation
客・きゃく	client, invité
教育・きょういく	éducation, enseignement
空港・くうこう	aéroport
計画・けいかく	plan, projet
経済・けいざい	économie
警察・けいさつ	police
原因・げんいん	cause, origine
研究・けんきゅう	recherche, étude
子・こ	enfant, petit (d'un animal)
高校・こうこう	lycée
工場・こうじょう	usine, atelier
国際・こくさい	international
最近・さいきん	récemment, ces derniers temps
最後・さいご	fin, dernier
最初・さいしょ	début, premier
産業・さんぎょう	industrie
試合・しあい	match, compétition
事故・じこ	accident
時代・じだい	époque, ère
市民・しみん	citoyen, habitant (d'une ville)
事務所・じむしょ	bureau (lieu)
社会・しゃかい	société
社長・しゃちょう	président (d'entreprise), patron
自由・じゆう	liberté, libre
将来・しょうらい	avenir, futur
女性・じょせい	femme
人口・じんこう	population
生活・せいかつ	vie (quotidienne), mode de vie
生産・せいさん	production
政治・せいじ	politique
世界・せかい	monde
戦争・せんそう	guerre
男性・だんせい	homme
妻・つま	épouse (la sienne), femme
特に・とくに	particulièrement, surtout
特別・とくべつ	spécial, particulier
場所・ばしょ	endroit, lieu
番組・ばんぐみ	émission, programme (télé ou radio)
反対・はんたい	opposition, contraire, s'opposer
光・ひかり	lumière
必要・ひつよう	nécessaire, besoin
部長・ぶちょう	chef de service
文化・ぶんか	culture
貿易・ぼうえき	commerce (international)
放送・ほうそう	diffusion, émission, diffuser
最も・もっとも	le plus
輸出・ゆしゅつ	exportation
輸入・ゆにゅう	importation
予定・よてい	programme, prévision, prévu
理由・りゆう	raison, motif
歴史・れきし	histoire (passé)
医学・いがく	médecine (science)
以内・いない	dans un délai de, en moins de
運転・うんてん	conduite, conduire
選ぶ・えらぶ	choisir
音・おと	son, bruit
思う・おもう	penser, croire
親・おや	parent
会場・かいじょう	salle, lieu (d'un évènement)
科学・かがく	science
課長・かちょう	chef de section
彼女・かのじょ	elle, petite amie
壁・かべ	mur
彼ら・かれら	ils, eux
簡単・かんたん	simple, facile
機会・きかい	occasion, chance
危険・きけん	danger, dangereux
競争・きょうそう	concurrence, compétition
比べる・くらべる	comparer
経験・けいけん	expérience
工業・こうぎょう	industrie (manufacturière)
交通・こうつう	circulation, transports
今度・こんど	la prochaine fois, cette fois-ci
試験・しけん	examen
地震・じしん	tremblement de terre, séisme
島・しま	île
十分・じゅうぶん	suffisant, assez
準備・じゅんび	préparation, préparatifs
説明・せつめい	explication
相談・そうだん	consultation, conseil, discuter
確か・たしか	sûr, certain, si je ne me trompe pas
例えば・たとえば	par exemple
寺・てら	temple (bouddhiste)
途中・とちゅう	en chemin, en cours de route
林・はやし	bois, bosquet
火・ひ	feu
普通・ふつう	normal, ordinaire, d'habitude
文学・ぶんがく	littérature
法律・ほうりつ	loi
昔・むかし	autrefois, jadis
娘・むすめ	fille (la sienne)
森・もり	forêt
夢・ゆめ	rêve
利用・りよう	utilisation, utiliser
連絡・れんらく	contact, prendre contact
味・あじ	goût, saveur
一度・いちど	une fois
必ず・かならず	sans faute, à coup sûr, toujours
代わり・かわり	remplacement, à la place de
変わる・かわる	changer
気分・きぶん	humeur, état (de santé)
急・きゅう	soudain, urgent, raide
空気・くうき	air, ambiance
首・くび	cou
決して・けっして	jamais (avec négation)
高校生・こうこうせい	lycéen
校長・こうちょう	directeur d'école
残念・ざんねん	dommage, regrettable
住所・じゅうしょ	adresse
出席・しゅっせき	présence, assister
小学校・しょうがっこう	école primaire
小説・しょうせつ	roman
食事・しょくじ	repas
卒業・そつぎょう	fin d'études, diplôme
血・ち	sang
日・ひ	jour, soleil
美術館・びじゅつかん	musée d'art
複雑・ふくざつ	compliqué, complexe
息子・むすこ	fils (le sien)
割合・わりあい	proportion, taux, relativement
遊び・あそび	jeu, amusement
以下・いか	moins de, ci-dessous
生きる・いきる	vivre
裏・うら	envers, dos, derrière
運転手・うんてんしゅ	chauffeur, conducteur
会話・かいわ	conversation
格好・かっこう	apparence, allure, tenue
看護婦・かんごふ	infirmière
季節・きせつ	saison
興味・きょうみ	intérêt
郊外・こうがい	banlieue
答え・こたえ	réponse
仕方・しかた	façon de faire, moyen
失敗・しっぱい	échec, erreur
心配・しんぱい	inquiétude, s'inquiéter
席・せき	place, siège
線・せん	ligne
台風・たいふう	typhon
楽しみ・たのしみ	plaisir, avoir hâte
注意・ちゅうい	attention, avertissement
中学校・ちゅうがっこう	collège
入院・にゅういん	hospitalisation, être hospitalisé
入学・にゅうがく	entrée à l'école, inscription
ねだん	prix
葉・は	feuille (d'arbre)
舟・ふね	bateau, barque
港・みなと	port
間・あいだ	intervalle, entre, pendant
安心・あんしん	soulagement, être rassuré
腕・うで	bras, habileté
枝・えだ	branche
おかしい	bizarre, drôle, étrange
終わり・おわり	fin
海岸・かいがん	côte, bord de mer
教会・きょうかい	église
公務員・こうむいん	fonctionnaire
故障・こしょう	panne, être en panne
盛ん・さかん	florissant, populaire, actif
柔道・じゅうどう	judo
出発・しゅっぱつ	départ, partir
趣味・しゅみ	loisir, passe-temps, goût
紹介・しょうかい	présentation, présenter (quelqu'un)
招待・しょうたい	invitation, inviter
神社・じんじゃ	sanctuaire shinto
新聞社・しんぶんしゃ	journal (entreprise de presse)
ぜひ	absolument, à tout prix
世話・せわ	soin, s'occuper de
先輩・せんぱい	aîné, ancien (à l'école ou au travail)
駐車場・ちゅうしゃじょう	parking
点・てん	point, note
人形・にんぎょう	poupée
熱・ねつ	fièvre, chaleur
ねっしん	zélé, assidu, enthousiaste
星・ほし	étoile
周り・まわり	entourage, alentours, autour
漫画・まんが	manga, bande dessinée
みな	tout le monde, tous
無理・むり	impossible, déraisonnable, forcer
約束・やくそく	promesse, rendez-vous
用意・ようい	préparation, préparer
あかちゃん	bébé
一生懸命・いっしょうけんめい	de toutes ses forces, avec acharnement
打つ・うつ	frapper, taper
売り場・うりば	rayon (de magasin), comptoir de vente
送る・おくる	envoyer, accompagner
表・おもて	face, endroit, devant, extérieur
鏡・かがみ	miroir
髪・かみ	cheveux
規則・きそく	règle, règlement
近所・きんじょ	voisinage, quartier
草・くさ	herbe
雲・くも	nuage
毛・け	poil, cheveu
習慣・しゅうかん	habitude, coutume
水道・すいどう	eau courante, conduite d'eau
砂・すな	sable
訪ねる・たずねる	rendre visite
包む・つつむ	envelopper, emballer
適当・てきとう	approprié, adéquat, au hasard
運ぶ・はこぶ	transporter, porter
翻訳・ほんやく	traduction, traduire
虫・むし	insecte
湯・ゆ	eau chaude
指・ゆび	doigt
予約・よやく	réservation, réserver
集める・あつめる	rassembler, collectionner
案内・あんない	guide, accompagner, information
糸・いと	fil
帰り・かえり	retour
具合・ぐあい	état, santé, condition
下げる・さげる	baisser, abaisser, suspendre
水泳・すいえい	natation
背中・せなか	dos
都合・つごう	convenance, disponibilité, circonstances
店員・てんいん	vendeur, employé (de magasin)
道具・どうぐ	outil, instrument
動物園・どうぶつえん	zoo
二階建て・にかいだて	à deux étages
日記・にっき	journal intime
久しぶり・ひさしぶり	après longtemps, ça fait longtemps
僕・ぼく	je, moi (garçon ou homme)
両方・りょうほう	les deux
あいさつ	salutation, saluer
合う・あう	aller (bien), correspondre, convenir
上がる・あがる	monter, augmenter, entrer
赤ん坊・あかんぼう	bébé
空く・あく	se libérer, se vider
アクセサリー	accessoire, bijou
あげる	donner
浅い・あさい	peu profond, superficiel
集まる・あつまる	se rassembler, se réunir
アナウンサー	présentateur
謝る・あやまる	s'excuser
アルコール	alcool
アルバイト	petit boulot, job
あんな	tel, comme ça
以外・いがい	à part, sauf
石・いし	pierre
いじめる	brimer, harceler, maltraiter
以上・いじょう	plus de, au-delà, c'est tout
急ぐ・いそぐ	se dépêcher
いたす	faire (humble)
いただく	recevoir (humble), manger (humble)
一杯・いっぱい	plein, un verre, beaucoup
田舎・いなか	campagne, région natale
祈る・いのる	prier, souhaiter
いらっしゃる	être, venir, aller (honorifique)
植える・うえる	planter
伺う・うかがう	rendre visite (humble), demander (humble)
受付・うけつけ	accueil, réception
受ける・うける	recevoir, passer (un examen), suivre (un cours)
動く・うごく	bouger, fonctionner
嘘・うそ	mensonge
内・うち	intérieur, pendant, chez soi
美しい・うつくしい	beau, magnifique
写す・うつす	copier, photographier
移る・うつる	déménager, se déplacer, passer à
うれしい	content, heureux
エスカレーター	escalator
遠慮・えんりょ	retenue, réserve, se retenir
お祝い・おいわい	félicitations, fête, cadeau de félicitation
オートバイ	moto
億・おく	cent millions
屋上・おくじょう	toit (terrasse)
贈り物・おくりもの	cadeau
遅れる・おくれる	être en retard
起こす・おこす	réveiller, provoquer, relever
怒る・おこる	se fâcher, gronder
押し入れ・おしいれ	placard (japonais)
お嬢さん・おじょうさん	jeune fille, fille (de quelqu'un d'autre)
お宅・おたく	votre maison (poli), chez vous
落ちる・おちる	tomber, échouer (à un examen)
おっしゃる	dire (honorifique)
おつり	monnaie (rendue)
落とす・おとす	faire tomber, perdre
踊り・おどり	danse
踊る・おどる	danser
驚く・おどろく	être surpris, s'étonner
お土産・おみやげ	souvenir (cadeau rapporté)
思い出す・おもいだす	se rappeler, se souvenir
おもちゃ	jouet
下りる・おりる	descendre
折る・おる	casser, plier
お礼・おれい	remerciement
折れる・おれる	se casser, se plier
カーテン	rideau
会議室・かいぎしつ	salle de réunion
飾る・かざる	décorer
火事・かじ	incendie
ガス	gaz
ガソリン	essence
ガソリンスタンド	station-service, station essence
堅い・かたい	dur, solide, sérieux
硬い・かたい	dur, rigide
固い・かたい	dur, ferme, solide
片付ける・かたづける	ranger, mettre en ordre
勝つ・かつ	gagner, vaincre
家内・かない	épouse (la sienne)
悲しい・かなしい	triste
金持ち・かねもち	riche
かまう	se soucier de, s'occuper de
噛む・かむ	mordre, mâcher
通う・かよう	aller régulièrement, faire le trajet
ガラス	verre (matière), vitre
彼・かれ	il, lui, petit ami
乾く・かわく	sécher
考える・かんがえる	réfléchir, penser
聞こえる・きこえる	s'entendre, être audible
汽車・きしゃ	train (à vapeur)
きっと	sûrement, certainement
絹・きぬ	soie
厳しい・きびしい	sévère, strict, rude
決まる・きまる	être décidé
君・きみ	tu, toi (familier)
決める・きめる	décider
着物・きもの	kimono
急行・きゅうこう	express (train)
くださる	donner (honorifique)
くれる	donner (à moi)
暮れる・くれる	s'assombrir (le soir), finir (année)
君・くん	(suffixe familier pour les) garçons
ケーキ	gâteau
怪我・けが	blessure, se blesser
景色・けしき	paysage, vue
消しゴム・けしゴム	gomme
下宿・げしゅく	pension, logement (d'étudiant)
けれど	mais, cependant
けれども	mais, cependant
喧嘩・けんか	dispute, bagarre
研究室・けんきゅうしつ	laboratoire, bureau (de recherche)
見物・けんぶつ	visite, visiter (touristique)
講義・こうぎ	cours magistral, conférence
講堂・こうどう	auditorium, amphithéâtre
高等学校・こうとうがっこう	lycée
心・こころ	cœur, esprit
ご主人・ごしゅじん	votre mari, mari (de quelqu'un d'autre)
ご存じ・ごぞんじ	savoir, connaître (honorifique)
ごちそう	festin, bon repas, régaler
こと	chose, fait, affaire
小鳥・ことり	petit oiseau
このあいだ	l'autre jour, récemment
このごろ	ces temps-ci, de nos jours
細かい・こまかい	fin, minutieux, petit (monnaie)
ごみ	ordures, déchets
込む・こむ	être bondé
米・こめ	riz (cru)
これから	à partir de maintenant, désormais
怖い・こわい	effrayant, avoir peur
壊す・こわす	casser, détruire
壊れる・こわれる	se casser, être cassé
コンサート	concert
コンピュータ	ordinateur
コンピューター	ordinateur
今夜・こんや	ce soir, cette nuit
坂・さか	pente, côte
探す・さがす	chercher
下がる・さがる	baisser, descendre, reculer
差し上げる・さしあげる	donner (humble), offrir
さっき	tout à l'heure, il y a peu
寂しい・さびしい	seul, triste (de solitude)
再来月・さらいげつ	dans deux mois
再来週・さらいしゅう	dans deux semaines
サラダ	salade
騒ぐ・さわぐ	faire du bruit, s'agiter
触る・さわる	toucher
サンドイッチ	sandwich
市・し	ville (municipalité)
字・じ	caractère, écriture, lettre
下着・したぎ	sous-vêtement
支度・したく	préparatifs, se préparer
しっかり	fermement, solidement, sérieux
辞典・じてん	dictionnaire
品物・しなもの	article, marchandise
しばらく	un moment, un certain temps
じゃま	gêne, déranger, encombrer
ジャム	confiture
承知・しょうち	consentement, savoir, comprendre
知らせる・しらせる	informer, prévenir
調べる・しらべる	chercher, examiner, vérifier
親切・しんせつ	gentil, gentillesse
ずいぶん	très, considérablement
数学・すうがく	mathématiques
スーツ	costume, tailleur
過ぎる・すぎる	passer, dépasser
空く・すく	se vider, avoir faim (ventre)
すごい	incroyable, génial, terrible
進む・すすむ	avancer, progresser
すっかり	complètement, entièrement
すっと	d'un coup, soudain, soulagé
捨てる・すてる	jeter
ステレオ	chaîne (stéréo), stéréo
すばらしい	merveilleux, formidable
滑る・すべる	glisser
隅・すみ	coin (d'une pièce)
済む・すむ	se terminer, être réglé
すり	pickpocket
すると	alors, et alors
西洋・せいよう	Occident
全然・ぜんぜん	pas du tout (avec négation)
そう	ainsi, comme ça, oui
育てる・そだてる	élever, éduquer
祖父・そふ	grand-père (le sien)
ソフト	doux, logiciel
祖母・そぼ	grand-mère (la sienne)
それで	et alors, c'est pourquoi
それに	en plus, de plus
それほど	à ce point, tant que ça
そろそろ	bientôt, il est temps
そんな	tel, comme ça
退院・たいいん	sortie de l'hôpital
大学生・だいがくせい	étudiant (à l'université)
大事・だいじ	important, précieux
だいたい	à peu près, en général
たいてい	généralement, la plupart du temps
タイプ	type, genre
だいぶ	considérablement, beaucoup
倒れる・たおれる	tomber, s'effondrer
だから	donc, c'est pourquoi
足す・たす	ajouter, additionner
尋ねる・たずねる	demander, s'enquérir
正しい・ただしい	correct, juste
畳・たたみ	tatami
立てる・たてる	dresser, mettre debout
建てる・たてる	construire, bâtir
棚・たな	étagère
楽しむ・たのしむ	s'amuser, profiter, apprécier
たまに	de temps en temps, parfois
ため	pour, afin de, à cause de
だめ	pas bien, inutile, interdit
足りる・たりる	suffire
暖房・だんぼう	chauffage
力・ちから	force, puissance
ちっとも	pas du tout (avec négation)
ちゃん	(suffixe) affectueux, (suffixe) diminutif, petit (affectueux)
注射・ちゅうしゃ	piqûre, injection
地理・ちり	géographie
捕まえる・つかまえる	attraper, saisir
月・つき	lune, mois
漬ける・つける	tremper, mariner, faire macérer
伝える・つたえる	transmettre, communiquer
続く・つづく	continuer, se poursuivre
続ける・つづける	continuer (quelque chose)
つもり	intention, avoir l'intention de
釣る・つる	pêcher
連れる・つれる	emmener, être accompagné de
丁寧・ていねい	poli, soigneux
テキスト	manuel, texte
できるだけ	autant que possible, le plus possible
手伝う・てつだう	aider
テニス	tennis
手袋・てぶくろ	gant
天気予報・てんきよほう	prévisions météo
電灯・でんとう	lampe, éclairage
電報・でんぽう	télégramme
展覧会・てんらんかい	exposition
とうとう	finalement, enfin
遠く・とおく	loin, au loin
通る・とおる	passer, traverser
とこや	coiffeur, barbier
特急・とっきゅう	express, train express (limité)
届ける・とどける	livrer, apporter, déclarer
泊まる・とまる	loger, passer la nuit
止める・とめる	arrêter, stopper
取り替える・とりかえる	échanger, remplacer
泥棒・どろぼう	voleur, cambrioleur
どんどん	de plus en plus, rapidement
直す・なおす	réparer, corriger
直る・なおる	être réparé, se rétablir
治る・なおる	guérir
なかなか	assez, plutôt, pas facilement (avec négation)
泣く・なく	pleurer
なくなる	disparaître, se perdre, s'épuiser
亡くなる・なくなる	mourir, décéder
投げる・なげる	lancer, jeter
なさる	faire (honorifique)
鳴る・なる	sonner, retentir
なるべく	autant que possible
なるほど	je vois, effectivement
慣れる・なれる	s'habituer
におい	odeur
苦い・にがい	amer
逃げる・にげる	s'enfuir, s'échapper
似る・にる	ressembler
盗む・ぬすむ	voler, dérober
塗る・ぬる	peindre, étaler, enduire
ぬれる	se mouiller
寝坊・ねぼう	grasse matinée, se lever en retard
眠い・ねむい	avoir sommeil, somnolent
眠る・ねむる	dormir
残る・のこる	rester
喉・のど	gorge
乗り換える・のりかえる	changer (de train ou de bus)
乗り物・のりもの	véhicule, moyen de transport
場合・ばあい	cas, situation
パート	temps partiel
倍・ばい	double, fois
拝見・はいけん	regarder (humble)
歯医者・はいしゃ	dentiste
始める・はじめる	commencer (quelque chose)
はず	devoir (être), censé
恥ずかしい・はずかしい	gêné, honteux, timide
パソコン	ordinateur (personnel), PC
発音・はつおん	prononciation
はっきり	clairement, nettement
花見・はなみ	contemplation des cerisiers en fleurs
払う・はらう	payer
ハンドバッグ	sac (à main)
ピアノ	piano
冷える・ひえる	refroidir, se refroidir
光る・ひかる	briller
引き出し・ひきだし	tiroir, retrait (d'argent)
引き出す・ひきだす	retirer (de l'argent), tirer, extraire
ひげ	barbe, moustache
飛行場・ひこうじょう	aérodrome, aéroport
非常に・ひじょうに	extrêmement, très
引っ越す・ひっこす	déménager
ひどい	terrible, cruel, affreux
開く・ひらく	ouvrir, s'ouvrir, organiser
ビル	immeuble
昼間・ひるま	journée, pendant la journée
昼休み・ひるやすみ	pause de midi
拾う・ひろう	ramasser
ファックス	fax
増える・ふえる	augmenter
深い・ふかい	profond
復習・ふくしゅう	révision, réviser
ぶどう	raisin
太る・ふとる	grossir
布団・ふとん	futon
不便・ふべん	peu pratique, incommode
踏む・ふむ	marcher sur, piétiner
プレゼント	cadeau
文法・ぶんぽう	grammaire
別・べつ	différent, autre, séparé
ベル	sonnette, cloche
変・へん	bizarre, étrange
返事・へんじ	réponse
ほど	degré, environ, autant que
ほとんど	presque, la plupart
ほめる	féliciter, complimenter
まいる	aller (humble), venir (humble)
負ける・まける	perdre (un match), être vaincu
まじめ	sérieux
まず	d'abord, tout d'abord
または	ou, ou bien
間違える・まちがえる	se tromper
間に合う・まにあう	être à l'heure, arriver à temps
回る・まわる	tourner, faire le tour
真ん中・まんなか	centre, milieu
見える・みえる	être visible, se voir
湖・みずうみ	lac
味噌・みそ	miso
見つかる・みつかる	être trouvé
見つける・みつける	trouver, découvrir
向かう・むかう	se diriger vers, faire face
迎える・むかえる	accueillir, aller chercher
召し上がる・めしあがる	manger (honorifique), boire (honorifique)
珍しい・めずらしい	rare, inhabituel
申し上げる・もうしあげる	dire (humble)
申す・もうす	dire (humble), s'appeler (humble)
もし	si (supposition)
もちろん	bien sûr
戻る・もどる	revenir, retourner
木綿・もめん	coton
もらう	recevoir
焼く・やく	cuire, griller, brûler
役に立つ・やくにたつ	être utile
焼ける・やける	brûler, être cuit, bronzer
優しい・やさしい	gentil, doux
痩せる・やせる	maigrir
やっと	enfin, finalement
やはり	comme prévu, quand même
やっぱり	comme prévu, finalement, quand même
止む・やむ	cesser, s'arrêter
やめる	arrêter, cesser
柔らかい・やわらかい	mou, tendre, souple
指輪・ゆびわ	bague
揺れる・ゆれる	trembler, se balancer
用・よう	affaire, chose à faire
用事・ようじ	course, chose à faire
汚れる・よごれる	se salir
予習・よしゅう	préparation (d'un cours)
寄る・よる	passer (chez quelqu'un), s'approcher
喜ぶ・よろこぶ	se réjouir, être content
よろしい	bien, d'accord (poli)
旅館・りょかん	ryokan, auberge japonaise
留守・るす	absence, être absent
冷房・れいぼう	climatisation
レポート	rapport, compte rendu
リポート	rapport, reportage
ワープロ	traitement de texte
沸かす・わかす	faire bouillir, chauffer
別れる・わかれる	se séparer, se quitter
沸く・わく	bouillir
訳・わけ	raison, sens
忘れ物・わすれもの	objet oublié
笑う・わらう	rire, sourire
割れる・われる	se briser, se fendre
食料品・しょくりょうひん	produits alimentaires, épicerie
ああ	comme ça, ah
アフリカ	Afrique
アメリカ	Amérique, États-Unis
うまい	bon, délicieux, habile
うん	oui (familier)
変える・かえる	changer (quelque chose)
お金持ち・おかねもち	riche
こう	ainsi, de cette façon
ごらんになる	voir (honorifique)
そんなに	tant que ça, à ce point
付く・つく	être attaché, s'allumer
びっくり	être surpris, sursauter
降り出す・ふりだす	se mettre à pleuvoir
アジア	Asie
サンダル	sandale
スーツケース	valise
スクリーン	écran
ステーキ	steak
チェック	vérification, carreaux
レジ	caisse (enregistreuse)
あ	ah, oh
おいでになる	venir, être, aller (honorifique)
おかげ	grâce à
お祭り・おまつり	fête, festival
お見舞い・おみまい	visite à un malade
しかる	gronder, réprimander
都・と	capitale, métropole (Tokyo)
もうすぐ	bientôt
泳ぎ方・およぎかた	façon de nager

# ---------------------------------------------------------------- N3
相手・あいて	partenaire, interlocuteur, adversaire
明らか・あきらか	évident, clair, manifeste
新た・あらた	nouveau, neuf
委員・いいん	membre d'un comité
維持・いじ	maintien, entretien, conservation
一時・いちじ	un moment, temporaire, une heure (du matin)
市場・いちば	marché
一番・いちばん	le premier, le meilleur, le plus
一般・いっぱん	général, ordinaire, grand public
一方・いっぽう	d'un autre côté, tandis que, ne faire que
違反・いはん	infraction, violation
以来・いらい	depuis
医療・いりょう	soins médicaux
いわば	pour ainsi dire
影響・えいきょう	influence, effet
援助・えんじょ	aide, assistance, soutien
会員・かいいん	membre, adhérent
海外・かいがい	étranger, outre-mer
解決・かいけつ	solution, résolution, règlement
外交・がいこう	diplomatie
回復・かいふく	rétablissement, reprise, guérison
価格・かかく	prix, valeur
拡大・かくだい	agrandissement, expansion
過去・かこ	passé
活動・かつどう	activité, action
可能・かのう	possible
考え・かんがえ	idée, pensée, opinion
環境・かんきょう	environnement, milieu
患者・かんじゃ	patient (malade)
関心・かんしん	intérêt, préoccupation
監督・かんとく	réalisateur, entraîneur, supervision
管理・かんり	gestion, administration, contrôle
関連・かんれん	lien, rapport, relation
議員・ぎいん	parlementaire, député
議会・ぎかい	assemblée, parlement
期間・きかん	période, durée
機関・きかん	organisme, institution, moteur
企業・きぎょう	entreprise
記事・きじ	article (de presse)
記者・きしゃ	journaliste
期待・きたい	attente, espoir, compter sur
議長・ぎちょう	président (d'assemblée)
機能・きのう	fonction, fonctionnalité
基本・きほん	base, fondement
教授・きょうじゅ	professeur (d'université)
共同・きょうどう	commun, coopération, en collaboration
協力・きょうりょく	coopération, collaboration
記録・きろく	record, enregistrement, compte rendu
銀・ぎん	argent (métal)
金融・きんゆう	finance, crédit
経営・けいえい	gestion, direction (d'entreprise)
景気・けいき	conjoncture, situation économique
契約・けいやく	contrat
結果・けっか	résultat, conséquence
決定・けってい	décision
現在・げんざい	présent, actuellement
現実・げんじつ	réalité
建設・けんせつ	construction, édification
現場・げんば	lieux, sur place, chantier
憲法・けんぽう	constitution
効果・こうか	effet, efficacité
攻撃・こうげき	attaque, offensive
行動・こうどう	action, comportement
候補・こうほ	candidat, candidature
国民・こくみん	peuple, citoyens, national
個人・こじん	individu, personnel, privé
国家・こっか	État, nation
国会・こっかい	parlement, Diète
今回・こんかい	cette fois-ci
今後・こんご	désormais, à l'avenir
最高・さいこう	le meilleur, suprême, génial
最終・さいしゅう	final, dernier
裁判・さいばん	procès, jugement
作業・さぎょう	travail, opération, tâche
作品・さくひん	œuvre, ouvrage
参加・さんか	participation, participer
時期・じき	période, moment, saison
事件・じけん	affaire, incident, évènement
事実・じじつ	fait, réalité
事情・じじょう	circonstances, situation, raisons
自身・じしん	soi-même, en personne
自然・しぜん	nature, naturel
事態・じたい	situation, état des choses
実施・じっし	mise en œuvre, application
指導・しどう	direction, encadrement, conseil
事務・じむ	travail de bureau, affaires administratives
州・しゅう	État, province
住宅・じゅうたく	logement, habitation
住民・じゅうみん	habitants, résidents
重要・じゅうよう	important, essentiel
首相・しゅしょう	Premier ministre
出身・しゅっしん	originaire de, diplômé de
状況・じょうきょう	situation, circonstances
条件・じょうけん	condition
状態・じょうたい	état, condition
商品・しょうひん	marchandise, produit
情報・じょうほう	information
女子・じょし	fille, femme (féminin)
姿・すがた	silhouette, apparence, allure
筋・すじ	muscle, ligne, intrigue
成長・せいちょう	croissance, grandir
制度・せいど	système, institution, régime
政府・せいふ	gouvernement
責任・せきにん	responsabilité
積極的・せっきょくてき	actif, positif, dynamique
全国・ぜんこく	tout le pays, national
選手・せんしゅ	joueur, athlète
全体・ぜんたい	ensemble, totalité
組織・そしき	organisation, structure, tissu
台・だい	support, socle, table
大会・たいかい	tournoi, congrès, grand rassemblement
対象・たいしょう	objet, cible
大統領・だいとうりょう	président (de la République)
代表・だいひょう	représentant, représentation
立場・たちば	position, point de vue, situation
男子・だんし	garçon, jeune homme (masculin)
団体・だんたい	groupe, association, organisation
地域・ちいき	région, zone
地球・ちきゅう	Terre (planète)
地区・ちく	quartier, district, secteur
知事・ちじ	gouverneur (de préfecture)
地方・ちほう	région, province
中央・ちゅうおう	centre, central
中心・ちゅうしん	centre, cœur
調査・ちょうさ	enquête, étude, recherche
通信・つうしん	communication, correspondance
程度・ていど	degré, niveau, environ
当時・とうじ	à cette époque, alors
同時・どうじ	simultané, en même temps
投票・とうひょう	vote, scrutin
都市・とし	ville, cité
土地・とち	terrain, terre, sol
努力・どりょく	effort, s'efforcer
内容・ないよう	contenu
人気・にんき	popularité, populaire
人間・にんげん	être humain, homme
年間・ねんかん	par an, période d'un an
農業・のうぎょう	agriculture
判断・はんだん	jugement, décision
販売・はんばい	vente
批判・ひはん	critique, critiquer
舞台・ぶたい	scène (de théâtre)
部分・ぶぶん	partie, part
分野・ぶんや	domaine, champ
平均・へいきん	moyenne
平和・へいわ	paix
変化・へんか	changement, variation
方向・ほうこう	direction, sens
報告・ほうこく	rapport, compte rendu
方法・ほうほう	méthode, moyen
訪問・ほうもん	visite, visiter
目的・もくてき	but, objectif
目標・もくひょう	objectif, cible
役割・やくわり	rôle
優勝・ゆうしょう	victoire (finale), championnat
要求・ようきゅう	exigence, demande, revendication
予算・よさん	budget
連続・れんぞく	suite, consécutif, en série
労働・ろうどう	travail, labeur
愛・あい	amour
安定・あんてい	stabilité
医師・いし	médecin
意思・いし	intention, volonté
意識・いしき	conscience
宇宙・うちゅう	univers, espace
馬・うま	cheval
営業・えいぎょう	activité commerciale, ventes, ouverture
衛星・えいせい	satellite
演説・えんぜつ	discours
思わず・おもわず	sans le vouloir, malgré soi
会合・かいごう	réunion, assemblée
開始・かいし	début, commencement
改善・かいぜん	amélioration
確実・かくじつ	certain, sûr, fiable
数・かず	nombre
観光・かんこう	tourisme
感じ・かんじ	impression, sensation
記念・きねん	commémoration, souvenir
希望・きぼう	espoir, souhait
疑問・ぎもん	question, doute
競技・きょうぎ	épreuve, compétition (sportive)
教師・きょうし	enseignant, professeur
共通・きょうつう	commun
議論・ぎろん	débat, discussion
禁止・きんし	interdiction
組合・くみあい	syndicat, association
軍・ぐん	armée
傾向・けいこう	tendance
芸術・げいじゅつ	art
劇場・げきじょう	théâtre (salle)
結局・けっきょく	finalement, en fin de compte
結論・けつろん	conclusion
見解・けんかい	opinion, point de vue
健康・けんこう	santé
検査・けんさ	examen, contrôle, inspection
現状・げんじょう	situation actuelle
現代・げんだい	époque actuelle, moderne
検討・けんとう	examen, étude (d'une question)
権利・けんり	droit
講演・こうえん	conférence, discours
交換・こうかん	échange
航空・こうくう	aviation, aérien
貢献・こうけん	contribution
広告・こうこく	publicité, annonce
国境・こっきょう	frontière
混乱・こんらん	confusion, désordre, chaos
差・さ	différence, écart
作家・さっか	écrivain, auteur
賛成・さんせい	approbation, être pour
実験・じっけん	expérience (scientifique)
実現・じつげん	réalisation, concrétisation
実際・じっさい	réalité, en fait, pratique
支店・してん	succursale, agence
宗教・しゅうきょう	religion
修正・しゅうせい	correction, modification
集団・しゅうだん	groupe, collectif
収入・しゅうにゅう	revenu
主義・しゅぎ	principe, doctrine, -isme
主張・しゅちょう	affirmation, revendication, soutenir (une idée)
首都・しゅと	capitale
主婦・しゅふ	femme au foyer
主要・しゅよう	principal, majeur
需要・じゅよう	demande (économie)
使用・しよう	usage, utilisation
障害・しょうがい	obstacle, handicap, trouble
承認・しょうにん	approbation, reconnaissance
少年・しょうねん	garçon, jeune
消費・しょうひ	consommation
処理・しょり	traitement, gestion
深刻・しんこく	grave, sérieux
人生・じんせい	vie (d'une personne)
人物・じんぶつ	personnage, personne
水準・すいじゅん	niveau
推薦・すいせん	recommandation
数字・すうじ	chiffre, nombre
正式・せいしき	officiel, formel
精神・せいしん	esprit, mental
製造・せいぞう	fabrication, production
製品・せいひん	produit (manufacturé)
石油・せきゆ	pétrole
設備・せつび	équipement, installations
全員・ぜんいん	tout le monde, tous les membres
増加・ぞうか	augmentation
装置・そうち	appareil, dispositif
存在・そんざい	existence
大使・たいし	ambassadeur
態度・たいど	attitude, comportement
逮捕・たいほ	arrestation
担当・たんとう	responsable, être chargé de
違い・ちがい	différence
父親・ちちおや	père
長期・ちょうき	long terme
直接・ちょくせつ	direct, directement
提案・ていあん	proposition
伝統・でんとう	tradition
党・とう	parti (politique)
同様・どうよう	pareil, de même
道路・どうろ	route, voie
特徴・とくちょう	caractéristique, particularité
独立・どくりつ	indépendance
名・な	nom, réputation
仲間・なかま	camarade, compagnon, groupe
流れ・ながれ	courant, cours, flux
年齢・ねんれい	âge
能力・のうりょく	capacité, compétence
発行・はっこう	publication, émission
発展・はってん	développement, essor
発表・はっぴょう	annonce, présentation, publication
幅・はば	largeur
母親・ははおや	mère
被害・ひがい	dégâts, dommages
非常・ひじょう	urgence, extraordinaire
独り・ひとり	seul, célibataire
費用・ひよう	frais, coût
評価・ひょうか	évaluation, appréciation
表現・ひょうげん	expression
表情・ひょうじょう	expression (du visage)
不安・ふあん	inquiétude, anxiété
夫婦・ふうふ	couple (marié), mari et femme
武器・ぶき	arme
夫人・ふじん	madame, épouse
不足・ふそく	manque, insuffisance
再び・ふたたび	de nouveau, encore une fois
不満・ふまん	mécontentement, insatisfaction
本人・ほんにん	la personne elle-même, l'intéressé
街・まち	ville, rue, quartier
身・み	corps, soi
胸・むね	poitrine, cœur
無料・むりょう	gratuit
明確・めいかく	clair, précis
有効・ゆうこう	valable, efficace
友人・ゆうじん	ami
豊か・ゆたか	riche, abondant
様子・ようす	état, allure, situation
利益・りえき	profit, bénéfice
理解・りかい	compréhension
料金・りょうきん	tarif, prix
例・れい	exemple
老人・ろうじん	personne âgée, vieillard
話題・わだい	sujet (de conversation)
我々・われわれ	nous
跡・あと	trace, marque, vestiges
勢い・いきおい	élan, force, vigueur
以前・いぜん	avant, autrefois
一層・いっそう	encore plus, davantage
印象・いんしょう	impression
演奏・えんそう	interprétation (musicale), concert
汚染・おせん	pollution, contamination
絵画・かいが	peinture, tableau
額・がく	cadre, somme, montant
学者・がくしゃ	savant, chercheur
学習・がくしゅう	apprentissage, étude
確認・かくにん	confirmation, vérification
歌手・かしゅ	chanteur
肩・かた	épaule
価値・かち	valeur
株・かぶ	action (en bourse), souche
神・かみ	dieu
空・から	vide
感覚・かんかく	sens, sensation
機械・きかい	machine
義務・ぎむ	devoir, obligation
急速・きゅうそく	rapide
供給・きょうきゅう	approvisionnement, offre
許可・きょか	autorisation, permission
金額・きんがく	montant, somme
近代・きんだい	époque moderne
緊張・きんちょう	tension, nervosité, trac
管・くだ	tuyau, tube
具体・ぐたい	concret
訓練・くんれん	entraînement, exercice
劇・げき	pièce (de théâtre), drame
現金・げんきん	argent liquide
現象・げんしょう	phénomène
建築・けんちく	architecture, construction
合計・ごうけい	total, somme
構成・こうせい	composition, structure
最低・さいてい	le plus bas, minimum, le pire
材料・ざいりょう	matériau, ingrédient
差別・さべつ	discrimination
参考・さんこう	référence, consultation
資源・しげん	ressources
思想・しそう	pensée, idéologie
失業・しつぎょう	chômage
実行・じっこう	exécution, mise en pratique
実は・じつは	en fait, à vrai dire
支配・しはい	domination, contrôle
支払い・しはらい	paiement
資本・しほん	capital (argent)
銃・じゅう	fusil, arme à feu
周囲・しゅうい	alentours, entourage, périmètre
就職・しゅうしょく	trouver un emploi, embauche
重大・じゅうだい	grave, important
集中・しゅうちゅう	concentration
手術・しゅじゅつ	opération (chirurgicale)
手段・しゅだん	moyen, mesure
出版・しゅっぱん	publication, édition
章・しょう	chapitre
正午・しょうご	midi
職業・しょくぎょう	profession, métier
食品・しょくひん	aliment, produit alimentaire
信用・しんよう	confiance, crédit
信頼・しんらい	confiance, fiabilité
性格・せいかく	caractère, personnalité
請求・せいきゅう	demande (de paiement), facturation
制限・せいげん	limite, restriction
成功・せいこう	réussite, succès
成績・せいせき	résultats, notes
青年・せいねん	jeune homme, jeunesse
生命・せいめい	vie
設計・せっけい	conception, plan
専攻・せんこう	spécialité (d'études)
選択・せんたく	choix, sélection
相当・そうとう	assez, considérablement, équivalent
損害・そんがい	dommage, perte
他・た	autre
体育・たいいく	éducation physique
大臣・だいじん	ministre
大半・たいはん	la plupart, la majorité
代理・だいり	remplaçant, mandataire, intérim
戦い・たたかい	combat, bataille, lutte
谷・たに	vallée
旅・たび	voyage
単位・たんい	unité, crédit (universitaire)
誕生・たんじょう	naissance
地・ち	terre, sol
地位・ちい	position, statut
地下・ちか	sous-sol, souterrain
中学・ちゅうがく	collège
中止・ちゅうし	annulation, interruption
注目・ちゅうもく	attention, remarquer
著者・ちょしゃ	auteur
定期・ていき	régulier, périodique
抵抗・ていこう	résistance
提出・ていしゅつ	remise, dépôt (d'un document)
徹底・てってい	minutie, à fond
鉄道・てつどう	chemin de fer
何か・なにか	quelque chose
なにも	rien (avec négation)
日常・にちじょう	quotidien
農家・のうか	agriculteur, ferme
残り・のこり	reste
俳優・はいゆう	acteur
場面・ばめん	scène
範囲・はんい	étendue, portée
犯罪・はんざい	crime
微妙・びみょう	subtil, délicat, mitigé
物価・ぶっか	prix (coût de la vie)
物質・ぶっしつ	matière, substance
雰囲気・ふんいき	ambiance, atmosphère
分析・ぶんせき	analyse
変更・へんこう	changement, modification
保証・ほしょう	garantie
都・みやこ	capitale
魅力・みりょく	charme, attrait
文字・もじ	lettre, caractère (d'écriture)
物語・ものがたり	histoire, récit, conte
模様・もよう	motif, dessin, situation
唯一・ゆいいつ	unique, seul
余裕・よゆう	marge, aisance, temps libre
湾・わん	baie, golfe
穴・あな	trou
油・あぶら	huile
意外・いがい	inattendu, surprenant
位置・いち	position, emplacement
一家・いっか	famille, foyer
一体・いったい	diable (« qu'est-ce que… »), un seul corps
一致・いっち	accord, concordance
移動・いどう	déplacement, mouvement
命・いのち	vie
笑顔・えがお	sourire, visage souriant
王・おう	roi
丘・おか	colline
化学・かがく	chimie
影・かげ	ombre
勝ち・かち	victoire
観客・かんきゃく	spectateur, public
歓迎・かんげい	accueil, bienvenue
感情・かんじょう	émotion, sentiment
完成・かんせい	achèvement, terminer
完全・かんぜん	parfait, complet
記憶・きおく	mémoire, souvenir
貴重・きちょう	précieux
寄付・きふ	don
球・きゅう	balle, sphère
教科書・きょうかしょ	manuel scolaire
強力・きょうりょく	puissant, fort
巨大・きょだい	énorme, gigantesque
金属・きんぞく	métal
暮らし・くらし	vie (quotidienne), train de vie
計算・けいさん	calcul
刑事・けいじ	inspecteur (de police), affaire pénale
限界・げんかい	limite
腰・こし	hanches, bas du dos
困難・こんなん	difficulté
財産・ざいさん	fortune, biens
桜・さくら	cerisier, fleurs de cerisier
酒・さけ	alcool, saké
作曲・さっきょく	composition (musicale)
詩・し	poème, poésie
直・じき	bientôt, tout de suite
支出・ししゅつ	dépenses
質・しつ	qualité, nature
自動・じどう	automatique
死亡・しぼう	décès, mort
週・しゅう	semaine
重視・じゅうし	accorder de l'importance
瞬間・しゅんかん	instant, moment
順調・じゅんちょう	sans accroc, qui se passe bien
乗客・じょうきゃく	passager
少女・しょうじょ	jeune fille, fillette
症状・しょうじょう	symptôme
衝突・しょうとつ	collision, conflit
植物・しょくぶつ	plante, végétal
食料・しょくりょう	nourriture, vivres
食糧・しょくりょう	vivres, provisions
署名・しょめい	signature
女優・じょゆう	actrice
心臓・しんぞう	cœur (organe)
心理・しんり	psychologie, état d'esprit
人類・じんるい	humanité, genre humain
末・すえ	fin, bout
すでに	déjà
正・せい	correct, juste, positif
世紀・せいき	siècle
生物・せいぶつ	être vivant, organisme
絶対・ぜったい	absolument, absolu
操作・そうさ	manipulation, utilisation (d'une machine)
底・そこ	fond
滞在・たいざい	séjour
大戦・たいせん	grande guerre
太陽・たいよう	soleil
互い・たがい	mutuel, l'un l'autre
宅・たく	maison, domicile
単純・たんじゅん	simple
知識・ちしき	connaissance, savoir
注文・ちゅうもん	commande
貯金・ちょきん	économies, épargne
次々・つぎつぎ	l'un après l'autre
土・つち	terre, sol
常に・つねに	toujours, constamment
適切・てきせつ	approprié, pertinent
適用・てきよう	application (d'une règle)
鉄・てつ	fer
電子・でんし	électron, électronique
同一・どういつ	identique, même
時・とき	moment, quand, temps
年寄り・としより	personne âgée
友・とも	ami
土曜・どよう	samedi
波・なみ	vague
涙・なみだ	larme
日中・にっちゅう	journée, en pleine journée
入場・にゅうじょう	entrée, admission
値段・ねだん	prix
野・の	champ, plaine
農民・のうみん	paysan, agriculteur
残す・のこす	laisser, garder
博士・はかせ	docteur (diplôme), doctorat
爆発・ばくはつ	explosion
博物館・はくぶつかん	musée
旗・はた	drapeau
畑・はたけ	champ (cultivé)
発見・はっけん	découverte
飛行・ひこう	vol (aérien), aviation
秘密・ひみつ	secret
表面・ひょうめん	surface, apparence
風景・ふうけい	paysage
婦人・ふじん	femme, dame
不正・ふせい	fraude, injustice
船・ふね	bateau, navire
別に・べつに	pas particulièrement, rien de spécial
骨・ほね	os
幕・まく	rideau, acte (d'une pièce)
松・まつ	pin
未来・みらい	avenir, futur
名人・めいじん	maître, expert
命令・めいれい	ordre, commandement
役・やく	rôle, fonction, utilité
郵便・ゆうびん	courrier, poste
有利・ゆうり	avantageux, favorable
許す・ゆるす	pardonner, permettre
要素・ようそ	élément, facteur
曜日・ようび	jour de la semaine
予測・よそく	prévision, prédiction
予防・よぼう	prévention
喜び・よろこび	joie, plaisir
列車・れっしゃ	train
論文・ろんぶん	thèse, article (scientifique), mémoire
笑い・わらい	rire
汗・あせ	sueur, transpiration
息・いき	souffle, respiration
異常・いじょう	anormal, anomalie
痛み・いたみ	douleur
一種・いっしゅ	une sorte de, une espèce
引退・いんたい	retraite (sportive), se retirer
奪う・うばう	arracher, s'emparer de, voler
円・えん	yen, cercle
演技・えんぎ	jeu (d'acteur), interprétation
追う・おう	poursuivre, suivre
贈る・おくる	offrir, décerner
会計・かいけい	comptabilité, addition (au restaurant)
解釈・かいしゃく	interprétation
画家・がか	peintre
限る・かぎる	limiter, se limiter à
火災・かさい	incendie
型・かた	modèle, type, forme
必ずしも・かならずしも	pas forcément (avec négation)
気温・きおん	température (de l'air)
傷・きず	blessure, éraflure
級・きゅう	classe, niveau, grade
休暇・きゅうか	congé, vacances
急激・きゅうげき	brusque, soudain
化粧・けしょう	maquillage
合格・ごうかく	réussite (à un examen), admission
強盗・ごうとう	vol à main armée, cambrioleur
呼吸・こきゅう	respiration
騒ぎ・さわぎ	tumulte, agitation, chahut
支給・しきゅう	versement, fourniture
刺激・しげき	stimulation, stimulus
実に・じつに	vraiment, réellement
芝居・しばい	pièce de théâtre, comédie
示す・しめす	montrer, indiquer
借金・しゃっきん	dette, emprunt
種類・しゅるい	sorte, type, espèce
常識・じょうしき	bon sens, sens commun
徐々に・じょじょに	peu à peu, progressivement
書類・しょるい	documents, papiers
神経・しんけい	nerf, nervosité
人工・じんこう	artificiel
人種・じんしゅ	race (humaine)
慎重・しんちょう	prudent, circonspect
審判・しんぱん	arbitre, jugement
税金・ぜいきん	impôt, taxe
整理・せいり	rangement, mise en ordre
是非・ぜひ	absolument, à tout prix
善・ぜん	bien, bonté
損・そん	perte, désavantage
大気・たいき	atmosphère
代金・だいきん	prix, paiement
大陸・たいりく	continent
宝・たから	trésor
直ちに・ただちに	immédiatement, aussitôt
他人・たにん	autrui, inconnu, étranger
昼食・ちゅうしょく	déjeuner
調子・ちょうし	état, forme, ton
罪・つみ	crime, faute, péché
敵・てき	ennemi, adversaire
哲学・てつがく	philosophie
同僚・どうりょう	collègue
得意・とくい	point fort, doué, fier
読書・どくしょ	lecture
独特・どくとく	particulier, unique, original
なんとか	d'une manière ou d'une autre, tant bien que mal
日曜・にちよう	dimanche
根・ね	racine
願い・ねがい	souhait, vœu, demande
熱心・ねっしん	zélé, enthousiaste, assidu
能・のう	nô (théâtre), capacité
端・はし	bord, bout, extrémité
離れる・はなれる	s'éloigner, se séparer, quitter
腹・はら	ventre
犯人・はんにん	coupable, criminel
比較・ひかく	comparaison
必死・ひっし	désespéré, acharné
否定・ひてい	négation, démenti
評判・ひょうばん	réputation
縁・ふち	bord, rebord
文明・ぶんめい	civilisation
棒・ぼう	bâton, barre
豊富・ほうふ	abondant, riche
保存・ほぞん	conservation, sauvegarde
負け・まけ	défaite
孫・まご	petit-enfant
満足・まんぞく	satisfaction, satisfait
見事・みごと	splendide, admirable
免許・めんきょ	permis, licence
元・もと	origine, ancien, cause
優秀・ゆうしゅう	excellent, brillant
容易・ようい	facile, aisé
来・らい	prochain
陸・りく	terre (ferme)
理想・りそう	idéal
留学・りゅうがく	études à l'étranger
礼・れい	remerciement, salut, politesse
冷静・れいせい	calme, sang-froid
論争・ろんそう	controverse, polémique
輪・わ	cercle, anneau
分ける・わける	partager, diviser, séparer
泉・いずみ	source (d'eau), fontaine
一瞬・いっしゅん	un instant
一生・いっしょう	toute la vie
依頼・いらい	demande, requête
印刷・いんさつ	impression, imprimer
牛・うし	vache, bœuf
失う・うしなう	perdre
栄養・えいよう	nutrition, alimentation
延期・えんき	report, ajournement
応じる・おうじる	répondre (à), accepter, selon
終える・おえる	terminer, achever
大いに・おおいに	beaucoup, grandement
思い出・おもいで	souvenir
主に・おもに	principalement
温暖・おんだん	doux, tempéré
温度・おんど	température
香り・かおり	parfum, arôme
家事・かじ	tâches ménagères
活用・かつよう	utilisation, conjugaison
缶・かん	boîte de conserve, canette
感動・かんどう	émotion, être ému
給料・きゅうりょう	salaire
恐怖・きょうふ	peur, terreur
金銭・きんせん	argent
組・くみ	classe, groupe, équipe
暮れ・くれ	fin d'année, crépuscule
苦労・くろう	peine, difficultés
軍隊・ぐんたい	armée, troupes
警告・けいこく	avertissement
欠陥・けっかん	défaut, vice
言語・げんご	langue, langage
恋・こい	amour (passion)
光景・こうけい	spectacle, scène
高速・こうそく	grande vitesse, autoroute
殺す・ころす	tuer
際・さい	lors de, à l'occasion de
砂漠・さばく	désert
左右・さゆう	gauche et droite, influencer
自殺・じさつ	suicide
詩人・しじん	poète
宿泊・しゅくはく	hébergement, séjourner
順・じゅん	ordre, tour
賞・しょう	prix, récompense
商売・しょうばい	commerce, affaires
消防・しょうぼう	lutte contre l'incendie, pompiers
証明・しょうめい	preuve, certificat
女王・じょおう	reine
職・しょく	emploi, poste
助手・じょしゅ	assistant
進学・しんがく	poursuite d'études (supérieures)
信号・しんごう	feu (de circulation), signal
身長・しんちょう	taille (d'une personne)
世間・せけん	le monde, la société, les gens
先日・せんじつ	l'autre jour
前進・ぜんしん	avancée, progrès
騒音・そうおん	bruit, vacarme
玉・たま	boule, bille, perle
単なる・たんなる	simple, pur
単に・たんに	simplement, seulement
知恵・ちえ	sagesse, astuce
茶・ちゃ	thé
通過・つうか	passage, transit
付き合い・つきあい	fréquentation, relations
出来事・できごと	évènement, incident
都会・とかい	ville, grande ville
登山・とざん	alpinisme, randonnée en montagne
虎・とら	tigre
布・ぬの	tissu, étoffe
熱帯・ねったい	tropiques
墓・はか	tombe
拍手・はくしゅ	applaudissements
肌・はだ	peau
働き・はたらき	travail, fonctionnement, action
悲劇・ひげき	tragédie
本物・ほんもの	authentique, véritable
祭り・まつり	fête, festival
迷惑・めいわく	dérangement, gêne, ennui
飯・めし	repas, riz (familier)
屋根・やね	toit
世の中・よのなか	le monde, la société
離婚・りこん	divorce
流行・りゅうこう	mode, tendance, épidémie
誤り・あやまり	erreur, faute
胃・い	estomac
梅・うめ	prune japonaise, prunier
奥・おく	fond, intérieur
可・か	passable, possible
覚悟・かくご	résolution, être prêt (au pire)
囲む・かこむ	entourer, encercler
方々・かたがた	ces personnes (poli), messieurs dames
柄・がら	motif, carrure, caractère
岸・きし	rive, berge
詳しい・くわしい	détaillé, bien connaître
計・けい	total, plan
経由・けいゆ	via, en passant par
煙・けむり	fumée
恋人・こいびと	amoureux, petit ami, petite amie
誤解・ごかい	malentendu
氏・し	monsieur, famille
収穫・しゅうかく	récolte
修理・しゅうり	réparation
正直・しょうじき	honnête, franchement
印・しるし	marque, signe
新鮮・しんせん	frais (aliment)
進歩・しんぽ	progrès
巣・す	nid
睡眠・すいみん	sommeil
成人・せいじん	adulte
想像・そうぞう	imagination
速度・そくど	vitesse
多少・たしょう	plus ou moins, un peu
疲れ・つかれ	fatigue
天然・てんねん	nature, naturel
問い・とい	question
塔・とう	tour, pagode
突然・とつぜん	soudain, tout à coup
ともに	ensemble, avec
仲・なか	relation, rapports
半ば・なかば	milieu, moitié, à moitié
なんでも	n'importe quoi, tout
年代・ねんだい	époque, génération, décennie
始まり・はじまり	commencement, origine
一言・ひとこと	un mot
平等・びょうどう	égalité, égal
瓶・びん	bouteille
不自由・ふじゆう	gêne, handicap, manque
普段・ふだん	d'habitude, ordinaire
弁当・べんとう	bento, panier-repas
誇り・ほこり	fierté
堀・ほり	douve, canal
間違い・まちがい	erreur
妙・みょう	étrange, bizarre
家賃・やちん	loyer
宿・やど	auberge, logement
勇気・ゆうき	courage
予報・よほう	prévision
挨拶・あいさつ	salutation, discours
愛情・あいじょう	affection, amour
合図・あいず	signal, signe
アイスクリーム	glace (crème glacée)
愛する・あいする	aimer
あいにく	malheureusement
アイロン	fer (à repasser)
アウト	dehors, hors-jeu, raté
明かり・あかり	lumière, lampe
空き・あき	place libre, vide
諦める・あきらめる	renoncer, abandonner
飽きる・あきる	se lasser
握手・あくしゅ	poignée de main
悪魔・あくま	démon, diable
明ける・あける	se lever (le jour), commencer (année)
預ける・あずける	confier, déposer
与える・あたえる	donner, accorder
辺り・あたり	alentours, environs
当たる・あたる	toucher (une cible), gagner (au loto), correspondre
あちこち	ici et là, partout
扱う・あつかう	traiter, manipuler
集まり・あつまり	réunion, rassemblement
当てる・あてる	toucher, viser, deviner
浴びる・あびる	prendre (une douche), s'exposer à
嵐・あらし	tempête
あらゆる	tous les, toutes sortes de
表す・あらわす	exprimer, représenter
現す・あらわす	montrer, faire apparaître
現れ・あらわれ	manifestation, signe
現れる・あらわれる	apparaître
ありがとう	merci
あるいは	ou bien, peut-être
アルバム	album
泡・あわ	bulle, mousse
合わせる・あわせる	assembler, ajuster, joindre
哀れ・あわれ	pitié, misérable, pitoyable
案・あん	plan, idée, projet
暗記・あんき	apprendre par cœur
あんまり	pas très, trop
いえ	non (plus léger)
行き・いき	aller (trajet)
生き物・いきもの	être vivant, créature
いけない	il ne faut pas, mauvais
意志・いし	volonté
椅子・いす	chaise
いずれ	tôt ou tard, lequel
板・いた	planche
偉大・いだい	grand, grandiose
抱く・いだく	embrasser, nourrir (un sentiment)
いたずら	farce, bêtise
いただきます	bon appétit (avant le repas)
至る・いたる	arriver, aboutir
市・いち	marché, foire
一度に・いちどに	en une seule fois, d'un coup
いつでも	n'importe quand, toujours
いつまでも	pour toujours, indéfiniment
いとこ	cousin, cousine
稲・いね	riz (plante)
居眠り・いねむり	somnoler, s'assoupir
衣服・いふく	vêtements
居間・いま	salon, salle de séjour
今に・いまに	bientôt, un jour
今にも・いまにも	d'un moment à l'autre
いや	non (familier)
いらいら	énervement, irritation
岩・いわ	rocher
祝い・いわい	célébration, félicitations
祝う・いわう	fêter, célébrer
いわゆる	ce qu'on appelle
インク	encre
引用・いんよう	citation
うがい	gargarisme
受け取る・うけとる	recevoir
動かす・うごかす	bouger, déplacer, faire fonctionner
うさぎ	lapin, lièvre
疑う・うたがう	douter, soupçonner
撃つ・うつ	tirer (avec une arme)
移す・うつす	transférer, déplacer, transmettre (maladie)
訴える・うったえる	porter plainte, faire appel à, se plaindre
うなる	gémir, grogner, rugir
生まれ・うまれ	naissance, origine
裏切る・うらぎる	trahir
嬉しい・うれしい	heureux, content
売れる・うれる	se vendre (bien)
噂・うわさ	rumeur
運・うん	chance, sort
柄・え	manche (d'outil)
永遠・えいえん	éternité, éternel
永久・えいきゅう	permanence, éternel
描く・えがく	dessiner, peindre, décrire
餌・えさ	nourriture (pour animaux), appât
エネルギー	énergie
得る・える	obtenir, gagner
得る・うる	obtenir, pouvoir (être)
エンジン	moteur
お	(préfixe de) politesse, (préfixe) honorifique
追い付く・おいつく	rattraper
王様・おうさま	roi
王子・おうじ	prince
横断・おうだん	traversée
覆う・おおう	couvrir, recouvrir
大家・おおや	propriétaire (bailleur)
沖・おき	large (en mer)
起こる・おこる	se produire, arriver
幼い・おさない	très jeune, enfantin
収める・おさめる	obtenir, remporter, ranger
おしゃべり	bavardage, bavard
おそらく	probablement
恐れる・おそれる	craindre, avoir peur
恐ろしい・おそろしい	terrifiant, effrayant
穏やか・おだやか	calme, doux, paisible
劣る・おとる	être inférieur
お腹・おなか	ventre
鬼・おに	ogre, démon
帯・おび	ceinture (de kimono), obi
溺れる・おぼれる	se noyer
おまえ	toi (familier)
おめでとう	félicitations
おや	tiens, oh
およそ	environ, à peu près
及ぼす・およぼす	exercer (une influence), causer
おる	être (humble)
下ろす・おろす	descendre (quelque chose), retirer (de l'argent)
降ろす・おろす	déposer, faire descendre
音・おん	son
恩・おん	dette de reconnaissance, bienfait
課・か	section, leçon
カード	carte
会・かい	réunion, association
回・かい	fois (compteur)
害・がい	mal, dommage
外出・がいしゅつ	sortie, sortir
飼う・かう	élever (un animal), avoir (un animal)
替える・かえる	changer, remplacer
換える・かえる	échanger, convertir
抱える・かかえる	porter dans les bras, avoir (des soucis)
輝く・かがやく	briller, étinceler
係・かかり	responsable, préposé
家具・かぐ	meuble
隠す・かくす	cacher
学問・がくもん	savoir, études, science
隠れる・かくれる	se cacher
陰・かげ	ombre, envers
欠ける・かける	manquer, s'ébrécher
加減・かげん	degré, ajustement, état
かご	panier, cage
貸し・かし	prêt, faveur due
菓子・かし	gâteau, friandise
賢い・かしこい	intelligent, sage
稼ぐ・かせぐ	gagner (de l'argent)
数える・かぞえる	compter
刀・かたな	sabre, katana
語る・かたる	raconter, parler
がっかり	être déçu
活気・かっき	animation, vitalité
学期・がっき	trimestre, semestre
悲しむ・かなしむ	s'attrister, regretter
かなり	assez, considérablement
金・かね	argent (monnaie), métal
かぶる	mettre (sur la tête), porter (un chapeau)
構う・かまう	se soucier de, s'occuper de
我慢・がまん	patience, supporter
上・かみ	haut, amont, supérieur
雷・かみなり	tonnerre, foudre
髪の毛・かみのけ	cheveux
科目・かもく	matière (scolaire)
かもしれない	peut-être, il se peut que
火曜・かよう	mardi
刈る・かる	couper (les cheveux), tondre, faucher
皮・かわ	peau, écorce, pelure
革・かわ	cuir
かわいそう	pauvre, pitoyable
かわいらしい	charmant, mignon
勘・かん	intuition
観察・かんさつ	observation
感謝・かんしゃ	gratitude, remerciement
勘定・かんじょう	addition, compte, calcul
感じる・かんじる	sentir, ressentir
感心・かんしん	admiration, être impressionné
関する・かんする	concerner
完了・かんりょう	achèvement, fin
効く・きく	faire effet, être efficace
機嫌・きげん	humeur
気候・きこう	climat
生地・きじ	tissu, étoffe, pâte
技師・ぎし	ingénieur, technicien
帰宅・きたく	retour à la maison
きちんと	correctement, soigneusement
きつい	serré, dur, pénible
気付く・きづく	remarquer, s'apercevoir
気に入る・きにいる	plaire, aimer
記入・きにゅう	remplir (un formulaire), inscrire
気の毒・きのどく	pitoyable, quel dommage
決まり・きまり	règle, décision
気味・きみ	impression, tendance
奇妙・きみょう	étrange, bizarre
逆・ぎゃく	inverse, contraire
キャンプ	camping
旧・きゅう	ancien, ex-
休憩・きゅうけい	pause, repos
吸収・きゅうしゅう	absorption
救助・きゅうじょ	sauvetage, secours
器用・きよう	adroit, habile
行儀・ぎょうぎ	manières, tenue
強調・きょうちょう	insistance, souligner
局・きょく	bureau, office, chaîne (télé)
嫌う・きらう	détester
霧・きり	brouillard
切れ・きれ	morceau, tranche, coupure
切れる・きれる	couper (bien), se casser, expirer
金・きん	or
禁煙・きんえん	non-fumeur, arrêter de fumer
金庫・きんこ	coffre-fort
筋肉・きんにく	muscle
金曜・きんよう	vendredi
句・く	vers, expression, phrase
食う・くう	bouffer, manger (familier)
偶然・ぐうぜん	hasard, par hasard
臭い・くさい	puant, qui sent mauvais
鎖・くさり	chaîne
腐る・くさる	pourrir
癖・くせ	manie, habitude
下り・くだり	descente, train quittant la capitale
苦痛・くつう	douleur, souffrance
ぐっすり	profondément (dormir)
区別・くべつ	distinction, différencier
組む・くむ	assembler, croiser (les bras), faire équipe
位・くらい	rang, environ
クラシック	classique
暮らす・くらす	vivre
グラス	verre (à boire)
クリーム	crème
繰り返す・くりかえす	répéter
クリスマス	Noël
狂う・くるう	devenir fou, se dérégler
グループ	groupe
苦しい・くるしい	pénible, douloureux, difficile
苦しむ・くるしむ	souffrir
加える・くわえる	ajouter, inclure
加わる・くわわる	se joindre à, s'ajouter
敬意・けいい	respect
掲示・けいじ	affichage, avis, panneau
ケース	cas, étui
ゲーム	jeu, partie
決心・けっしん	résolution, décision
欠席・けっせき	absence
欠点・けってん	défaut, point faible
月曜・げつよう	lundi
券・けん	ticket, bon
県・けん	préfecture (département)
見当・けんとう	estimation, idée, direction
語・ご	mot, langue
濃い・こい	foncé, épais, fort (goût)
幸運・こううん	chance, bonne fortune
硬貨・こうか	pièce de monnaie
高価・こうか	cher, coûteux
豪華・ごうか	luxueux, somptueux
交際・こうさい	fréquentation, relation
後者・こうしゃ	ce dernier, le second
幸福・こうふく	bonheur
公平・こうへい	équitable, impartial
考慮・こうりょ	prise en compte, considération
越える・こえる	franchir, dépasser
コーチ	entraîneur
コード	câble, code
氷・こおり	glace
凍る・こおる	geler
ゴール	but, arrivée
語学・ごがく	étude des langues
故郷・こきょう	pays natal, ville natale
ごく	très, extrêmement
国語・こくご	langue nationale, japonais (matière)
黒板・こくばん	tableau noir
克服・こくふく	surmonter, vaincre
穀物・こくもつ	céréales, grains
越す・こす	passer, franchir, déménager
骨折・こっせつ	fracture
小包・こづつみ	colis
異なる・ことなる	différer, être différent
ことわざ	proverbe
断る・ことわる	refuser, décliner
粉・こな	poudre, farine
好み・このみ	goût, préférence
好む・このむ	aimer, préférer
小麦・こむぎ	blé
小屋・こや	cabane, hutte
ころ	vers, à l'époque où
転ぶ・ころぶ	tomber, trébucher
混雑・こんざつ	foule, encombrement
こんなに	autant, à ce point
こんにちは	bonjour
婚約・こんやく	fiançailles
サービス	service, gratuit (offert)
最中・さいちゅう	au milieu de, en plein
才能・さいのう	talent
幸い・さいわい	heureusement, bonheur
サイン	signature, autographe, signe
境・さかい	frontière, limite
逆らう・さからう	s'opposer, désobéir
盛り・さかり	apogée, plein (de la saison), portion
作物・さくもつ	récolte, cultures
叫ぶ・さけぶ	crier
避ける・さける	éviter
支える・ささえる	soutenir, supporter
指す・さす	montrer (du doigt), désigner
座席・ざせき	siège, place
誘う・さそう	inviter, proposer (de sortir)
札・さつ	billet (de banque)
ざっと	en gros, rapidement
さっぱり	rafraîchi, net, pas du tout (avec négation)
さて	bon, eh bien
様々・さまざま	divers, varié
覚ます・さます	réveiller
覚める・さめる	se réveiller
皿・さら	assiette
さらに	de plus, encore plus
去る・さる	partir, quitter
さる	singe
酸素・さんそ	oxygène
幸せ・しあわせ	bonheur, heureux
ジェット機・ジェットき	avion à réaction
じかに	directement
しかも	en plus, et de surcroît
式・しき	cérémonie, formule, style
しきりに	sans cesse, fréquemment
時刻・じこく	heure, moment
沈む・しずむ	couler, sombrer, se coucher (soleil)
舌・した	langue (organe)
次第・しだい	dès que, selon
従う・したがう	obéir, suivre
したがって	par conséquent
親しい・したしい	intime, proche
じっと	fixement, sans bouger
失望・しつぼう	déception
品・しな	article, marchandise
芝生・しばふ	pelouse, gazon
支払う・しはらう	payer
姉妹・しまい	sœurs
しまう	ranger, finir (complètement)
しまった	zut, mince
自慢・じまん	fierté, se vanter
占める・しめる	occuper, représenter (une part)
霜・しも	givre, gelée blanche
しゃべる	bavarder, parler
邪魔・じゃま	gêne, déranger
週間・しゅうかん	semaine (durée)
ジュース	jus, boisson
渋滞・じゅうたい	embouteillage
順番・じゅんばん	tour, ordre
上・じょう	supérieur, premier (volume), en matière de
奨学金・しょうがくきん	bourse d'études
上京・じょうきょう	monter à la capitale (Tokyo)
少々・しょうしょう	un peu, un instant
生じる・しょうじる	se produire, survenir
上達・じょうたつ	progrès, s'améliorer
冗談・じょうだん	plaisanterie, blague
上等・じょうとう	de qualité supérieure, excellent
商人・しょうにん	marchand, commerçant
食卓・しょくたく	table (de repas)
食物・しょくもつ	nourriture
食欲・しょくよく	appétit
書斎・しょさい	bureau (pièce), cabinet de travail
書物・しょもつ	livres, ouvrages
知らせ・しらせ	nouvelle, annonce
尻・しり	fesses, derrière
城・しろ	château
真剣・しんけん	sérieux, sincère
信仰・しんこう	foi, croyance
診察・しんさつ	consultation médicale
信じる・しんじる	croire
親戚・しんせき	parent (de la famille)
身体・しんたい	corps
親友・しんゆう	meilleur ami, ami intime
図・ず	figure, schéma, dessin
スイッチ	interrupteur
数・すう	quelques, plusieurs
スープ	soupe
スキー	ski
救う・すくう	sauver, secourir
優れる・すぐれる	exceller, être supérieur
スケート	patinage, patins
少しも・すこしも	pas du tout (avec négation)
過ごす・すごす	passer (du temps)
進める・すすめる	faire avancer, poursuivre
勧める・すすめる	recommander, conseiller, proposer
スター	star, vedette
スタイル	style, silhouette
スタンド	tribune, lampe (de bureau)
頭痛・ずつう	mal de tête
ずっと	tout le temps, bien plus
すてき	charmant, superbe
すなわち	c'est-à-dire
素晴らしい・すばらしい	merveilleux, splendide
スピーチ	discours
すべて	tout, totalité
済ませる・すませる	terminer, régler
角・すみ	coin, angle
すみません	excusez-moi, pardon
鋭い・するどい	aigu, tranchant, perspicace
背・せい	taille, stature
性・せい	sexe, genre, nature
せい	faute, cause
正確・せいかく	exact, précis
清潔・せいけつ	propre, net
せいぜい	tout au plus, au mieux
贅沢・ぜいたく	luxe
咳・せき	toux
石炭・せきたん	charbon
説・せつ	théorie, opinion
セット	ensemble, set, menu
絶滅・ぜつめつ	extinction, disparition
節約・せつやく	économie, économiser
責める・せめる	reprocher, blâmer
全・ぜん	tout, entier
前者・ぜんしゃ	le premier (des deux), celui-là
センター	centre
象・ぞう	éléphant
相続・そうぞく	héritage, succession
そこで	alors, c'est pourquoi
注ぐ・そそぐ	verser
育つ・そだつ	grandir, pousser
そっと	doucement, discrètement
袖・そで	manche
備える・そなえる	se préparer à, équiper
そのうち	bientôt, un de ces jours
そのまま	tel quel, sans changement
ソファー	canapé
粗末・そまつ	grossier, modeste, négliger
それぞれ	chacun, respectivement
それでも	malgré tout, pourtant
それとも	ou bien
尊敬・そんけい	respect, admiration
尊重・そんちょう	respect, considération
田・た	rizière
対・たい	contre, paire, face à
題・だい	titre, sujet
体温・たいおん	température (du corps)
退屈・たいくつ	ennui, ennuyeux
大した・たいした	considérable, important
対する・たいする	envers, faire face à
大部分・だいぶぶん	la plupart, la majeure partie
タイプライター	machine à écrire
ダイヤ	horaires (des trains), diamant
平ら・たいら	plat, uni
倒す・たおす	renverser, abattre, vaincre
タオル	serviette
確かめる・たしかめる	vérifier, s'assurer
助ける・たすける	aider, sauver
ただ	gratuit, seulement, ordinaire
戦う・たたかう	combattre, se battre
叩く・たたく	frapper, taper
立ち上がる・たちあがる	se lever, se mettre debout
経つ・たつ	passer (temps)
達する・たっする	atteindre
たった	seulement, à peine
だって	parce que, mais, même
たっぷり	abondamment, largement
例え・たとえ	exemple, comparaison, métaphore
種・たね	graine, cause, sujet
束・たば	botte, liasse, bouquet
度・たび	fois, chaque fois que
たびたび	souvent, à plusieurs reprises
たまたま	par hasard
たまらない	insupportable, irrésistible
黙る・だまる	se taire
試し・ためし	essai
試す・ためす	essayer, tester
便り・たより	nouvelles, lettre
頼る・たよる	compter sur, s'appuyer sur
単語・たんご	mot, vocabulaire
ダンス	danse
チーズ	fromage
チーム	équipe
違いない・ちがいない	sans aucun doute, sûrement
近頃・ちかごろ	ces derniers temps
遅刻・ちこく	retard
知能・ちのう	intelligence
地平線・ちへいせん	horizon
チャンス	chance, occasion
ちゃんと	correctement, comme il faut
注・ちゅう	note, annotation
中古・ちゅうこ	d'occasion
駐車・ちゅうしゃ	stationnement, se garer
頂上・ちょうじょう	sommet
頂戴・ちょうだい	donne-moi, recevoir (humble)
ついに	finalement, enfin
通学・つうがく	aller à l'école
通行・つうこう	passage, circulation
通じる・つうじる	mener à, être compris, passer (communication)
捕まる・つかまる	être attrapé, se tenir (à)
つかむ	saisir, attraper
就く・つく	prendre (un poste), accéder à
つぐ	verser
続き・つづき	suite
包み・つつみ	paquet, colis
勤め・つとめ	travail, emploi
務め・つとめ	devoir, fonction
つなぐ	relier, attacher, connecter
翼・つばさ	aile
つまり	c'est-à-dire, bref
詰める・つめる	remplir, tasser, se serrer
積もる・つもる	s'accumuler
梅雨・つゆ	saison des pluies
つらい	pénible, dur
釣り・つり	pêche (à la ligne), monnaie (rendue)
連れ・つれ	compagnon, compagnie
出会い・であい	rencontre
出会う・であう	rencontrer (par hasard)
停留所・ていりゅうじょ	arrêt (de bus)
デート	rendez-vous (amoureux)
適する・てきする	convenir, être adapté
適度・てきど	modéré
手品・てじな	tour de magie, prestidigitation
ですから	c'est pourquoi, donc
手伝い・てつだい	aide, assistant
徹夜・てつや	nuit blanche
手間・てま	peine, temps, travail
デモ	manifestation, démonstration
典型・てんけい	type, modèle
天候・てんこう	temps (météo)
テント	tente
度・ど	degré, fois
答案・とうあん	copie (d'examen)
動詞・どうし	verbe
どうしても	à tout prix, absolument
到着・とうちゃく	arrivée
道徳・どうとく	morale
通す・とおす	laisser passer, faire passer
通り・とおり	rue, avenue, comme (conformément à)
通り過ぎる・とおりすぎる	dépasser, passer devant
解く・とく	résoudre, dénouer
毒・どく	poison
独身・どくしん	célibataire
解ける・とける	se résoudre, se dénouer
どこか	quelque part
ところが	cependant, or
ところで	au fait, à propos
年月・としつき	années, temps
図書・としょ	livres
閉じる・とじる	fermer
途端・とたん	au moment même où
トップ	premier, tête
届く・とどく	arriver, parvenir, atteindre
とにかく	en tout cas, de toute façon
飛ばす・とばす	faire voler, sauter (un passage)
飛び出す・とびだす	sortir en courant, surgir
ドライブ	promenade en voiture
トラック	camion, piste
ドラマ	série, drame
トランプ	cartes à jouer
取り上げる・とりあげる	reprendre, confisquer, aborder (un sujet)
ドレス	robe
取れる・とれる	se détacher, s'enlever, pouvoir être pris
泥・どろ	boue
トン	tonne
とんでもない	pas du tout, absurde, scandaleux
どんな	quel genre de
どんなに	à quel point, si… que
トンネル	tunnel
流す・ながす	faire couler, verser (des larmes), passer (une musique)
眺め・ながめ	vue, panorama
眺める・ながめる	contempler, regarder
流れる・ながれる	couler, s'écouler
なし	sans
なぜなら	parce que
謎・なぞ	énigme, mystère
納得・なっとく	être convaincu, accepter
鍋・なべ	casserole, marmite
生・なま	cru, brut, en direct
怠ける・なまける	paresser, négliger
悩む・なやむ	se tracasser, souffrir
縄・なわ	corde
なんで	pourquoi
似合う・にあう	aller bien (à quelqu'un)
匂い・におい	odeur, parfum
苦手・にがて	mauvais en, ne pas aimer, point faible
握る・にぎる	serrer (dans la main), saisir
日光・にっこう	lumière du soleil
抜く・ぬく	retirer, arracher, dépasser, sauter (un repas)
抜ける・ぬける	tomber (cheveux), sortir, manquer
濡れる・ぬれる	se mouiller
願う・ねがう	souhaiter, prier, demander
ねずみ	souris, rat
熱中・ねっちゅう	passion, s'enthousiasmer
年中・ねんじゅう	toute l'année, toujours
軒・のき	avant-toit
乗せる・のせる	faire monter, prendre (en voiture), poser sur
除く・のぞく	enlever, exclure, sauf
望み・のぞみ	souhait, espoir
望む・のぞむ	souhaiter, désirer, avoir vue sur
のち	après, plus tard
ノック	frapper (à la porte)
伸ばす・のばす	allonger, étirer, laisser pousser
伸びる・のびる	s'allonger, pousser, progresser
述べる・のべる	exposer, déclarer
昇る・のぼる	monter, se lever (soleil)
のんびり	tranquillement, insouciant
場・ば	endroit, lieu, occasion
パーセント	pour cent
灰・はい	cendre
バイオリン	violon
ハイキング	randonnée
配達・はいたつ	livraison, distribution
パイプ	tuyau, pipe
パイロット	pilote
ばか	idiot, imbécile, bêtise
計る・はかる	mesurer, peser
吐く・はく	vomir, cracher, expirer
莫大・ばくだい	énorme, colossal
激しい・はげしい	violent, intense
はさみ	ciseaux
破産・はさん	faillite
外す・はずす	enlever, détacher, s'absenter
パスポート	passeport
裸・はだか	nu
二十・はたち	vingt ans (âge)
バッグ	sac
発車・はっしゃ	départ (d'un véhicule)
罰する・ばっする	punir
発達・はったつ	développement, croissance
発明・はつめい	invention
話し合う・はなしあう	discuter, se concerter
離す・はなす	séparer, éloigner
放す・はなす	lâcher, relâcher
羽・はね	plume, aile
省く・はぶく	omettre, supprimer, économiser
原・はら	plaine, champ
針・はり	aiguille
張る・はる	tendre, étendre, coller
反抗・はんこう	rébellion, résistance
ハンサム	beau (homme)
灯・ひ	lumière, lampe
ビール	bière
ひく	renverser (avec un véhicule), écraser
ピクニック	pique-nique
膝・ひざ	genou, genoux
美人・びじん	belle femme
額・ひたい	front
日付・ひづけ	date
ぴったり	parfaitement, exactement, pile
引っ張る・ひっぱる	tirer, traîner
ビデオ	vidéo
等しい・ひとしい	égal, équivalent
一人一人・ひとりひとり	chacun, un par un
批評・ひひょう	critique (d'une œuvre)
ひも	ficelle, cordon
表・ひょう	tableau, liste
秒・びょう	seconde
広がる・ひろがる	s'étendre, se répandre
品・ひん	élégance, distinction
ピン	épingle
笛・ふえ	flûte, sifflet
不可・ふか	impossible, interdit, insuffisant (note)
服装・ふくそう	tenue, habillement
含む・ふくむ	contenir, inclure
袋・ふくろ	sac, sachet
不幸・ふこう	malheur
節・ふし	nœud, articulation, mélodie
無事・ぶじ	sain et sauf, sans incident
不思議・ふしぎ	étrange, mystérieux
防ぐ・ふせぐ	empêcher, prévenir, protéger
双子・ふたご	jumeaux
ぶつ	frapper, battre
物理・ぶつり	physique (science)
筆・ふで	pinceau
ふと	soudain, par hasard
不平・ふへい	mécontentement, plainte
プラス	plus, avantage
プラン	plan, projet
不利・ふり	désavantage, défavorable
振る・ふる	agiter, secouer, quitter (un amoureux)
震える・ふるえる	trembler
ブレーキ	frein
触れる・ふれる	toucher, effleurer, aborder (un sujet)
プロ	professionnel
分・ぶん	part, portion
文・ぶん	phrase, texte
塀・へい	mur (de clôture), palissade
減らす・へらす	réduire, diminuer
減る・へる	diminuer, baisser
ベルト	ceinture
ペンキ	peinture
ベンチ	banc
法・ほう	loi, méthode
冒険・ぼうけん	aventure
宝石・ほうせき	pierre précieuse, bijou
方々・ほうぼう	partout, de tous côtés
吠える・ほえる	aboyer, hurler
ボーイ	serveur, garçon
ボート	barque, canot
ホーム	quai (de gare), maison
ボール	balle, ballon, bol
他・ほか	autre, ailleurs
ほこり	poussière
歩道・ほどう	trottoir
仏・ほとけ	Bouddha, défunt
炎・ほのお	flamme
頬・ほほ	joue
ほぼ	presque, à peu près
微笑む・ほほえむ	sourire
褒める・ほめる	féliciter, louer
ぼんやり	vaguement, distrait, dans la lune
間・ま	intervalle, temps, pièce
まあ	eh bien, oh, plutôt
マーケット	marché
マイク	micro
迷子・まいご	enfant perdu
任せる・まかせる	confier, laisser faire
まさか	pas possible, quand même pas
まさに	exactement, justement
真面目・まじめ	sérieux
増す・ます	augmenter
貧しい・まずしい	pauvre
ますます	de plus en plus
真っ赤・まっか	tout rouge, écarlate
全く・まったく	complètement, vraiment
学ぶ・まなぶ	apprendre, étudier
真似・まね	imitation, imiter
招く・まねく	inviter, entraîner (une conséquence)
ママ	maman
守る・まもる	protéger, respecter (une règle)
丸・まる	cercle, rond, entier
まるで	comme si, complètement
回す・まわす	tourner, faire tourner, passer
回り・まわり	tour, alentours
万一・まんいち	au cas où, si jamais
実・み	fruit, noix
見送り・みおくり	accompagner (au départ), adieux
味方・みかた	allié, partisan
ミス	erreur, faute
満ちる・みちる	se remplir, être plein
認める・みとめる	reconnaître, admettre, approuver
見舞い・みまい	visite (à un malade)
土産・みやげ	souvenir, cadeau rapporté
明後日・みょうごにち	après-demain
ミルク	lait
向かい・むかい	en face
迎え・むかえ	accueil, aller chercher
向く・むく	se tourner vers, convenir
向ける・むける	tourner vers, diriger
無視・むし	ignorer
虫歯・むしば	carie
むしろ	plutôt
結ぶ・むすぶ	nouer, lier, conclure
無駄・むだ	inutile, gaspillage
夢中・むちゅう	absorbé, passionné
芽・め	bourgeon, pousse
命じる・めいじる	ordonner, nommer
滅多に・めったに	rarement (avec négation)
メモ	note, mémo
面・めん	surface, masque, aspect
綿・めん	coton
面倒・めんどう	ennuyeux, embêtant, prendre soin
メンバー	membre
申し込む・もうしこむ	s'inscrire, postuler, demander
申し訳・もうしわけ	excuse
毛布・もうふ	couverture
燃える・もえる	brûler
木曜・もくよう	jeudi
もしも	si (jamais)
用いる・もちいる	utiliser, employer
もっとも	pourtant, naturellement, à juste titre
戻す・もどす	remettre, rendre, vomir
基づく・もとづく	se fonder sur
求める・もとめる	chercher, demander, exiger
者・もの	personne
物音・ものおと	bruit
物事・ものごと	les choses
文句・もんく	plainte, protestation
やがて	bientôt, peu après
約・やく	environ
厄介・やっかい	embêtant, gênant
雇う・やとう	embaucher, employer
破る・やぶる	déchirer, enfreindre, battre
辞める・やめる	démissionner, quitter (un emploi)
やや	un peu, légèrement
友情・ゆうじょう	amitié
有能・ゆうのう	capable, compétent
ユーモア	humour
床・ゆか	sol, plancher
愉快・ゆかい	agréable, amusant
譲る・ゆずる	céder, transmettre
夜明け・よあけ	aube
よう	façon, manière, comme
酔う・よう	s'enivrer, avoir le mal des transports
陽気・ようき	gai, joyeux, temps
用心・ようじん	prudence, précaution
要するに・ようするに	bref, en somme
要点・ようてん	point essentiel
予期・よき	prévoir, s'attendre à
横切る・よこぎる	traverser
よす	arrêter, renoncer
ヨット	voilier
夜中・よなか	en pleine nuit, minuit
余分・よぶん	en trop, superflu
読み・よみ	lecture
嫁・よめ	belle-fille, mariée
よる	selon, dépendre de
よろしく	enchanté, merci d'avance
ライター	briquet
楽・らく	facile, confortable
ラケット	raquette
利口・りこう	intelligent, malin
率・りつ	taux, proportion
量・りょう	quantité
両替・りょうがえ	change (d'argent)
礼儀・れいぎ	politesse, bonnes manières
列・れつ	file, rangée
連想・れんそう	association (d'idées)
ロケット	fusée
論じる・ろんじる	discuter, débattre
ワイン	vin
わがまま	égoïste, capricieux
別れ・わかれ	séparation, adieu
脇・わき	côté, aisselle
わざと	exprès
わずか	à peine, un peu
わた	coton, ouate
割る・わる	casser, diviser
悪口・わるくち	médisance, insulte
快適・かいてき	confortable, agréable
便・びん	vol (avion), service, courrier
学・がく	savoir, science
出・で	sortie, origine
豆・まめ	haricot, pois
老い・おい	vieillesse
段・だん	marche, échelon, niveau
作法・さほう	étiquette, bonnes manières
あっ	ah, oh
いらっしゃい	bienvenue
男の人・おとこのひと	homme
お昼・おひる	midi, déjeuner
泳ぎ・およぎ	nage
急に・きゅうに	soudain, brusquement
後・ご	après
これら	ceux-ci, ces choses
小・しょう	petit
そっくり	tout, ressemblant
大・だい	grand
だが	mais, cependant
だけど	mais
中・ちゅう	milieu, moyen, pendant
どうか	s'il vous plaît, d'une manière ou d'une autre
日・にち	jour
にっこり	sourire
日本・にほん	Japon
番・ばん	tour, garde, numéro
人込み・ひとごみ	foule
不・ふ	in-, non- (préfixe négatif)
無・む	néant, rien
持ち上げる・もちあげる	soulever, flatter
訓・くん	lecture kun (japonaise)
ウイスキー	whisky
オーバー	manteau, exagéré
オフィス	bureau
カー	voiture
キャプテン	capitaine
グランド	terrain (de sport), grand
ジーンズ	jean
ノー	non
パス	passe, laissez-passer
バン	camionnette
マスター	patron (de bar), maîtriser
ヨーロッパ	Europe
あら	oh, tiens (féminin)
あんなに	à ce point
いつか	un jour, un de ces jours
上・うわ	supérieur, extérieur
お互い・おたがい	l'un l'autre, mutuel
お目に掛かる・おめにかかる	rencontrer (humble)
下・げ	bas, inférieur
けち	avare, radin
軒・けん	(compteur des) maisons
ごめんなさい	pardon, désolé
昨・さく	dernier, passé (préfixe)
しばしば	souvent
仕舞い・しまい	fin
下・しも	bas, aval
生・せい	vie
税・ぜい	impôt, taxe
それと	et aussi, ensuite
たま	occasionnel, rare
できれば	si possible
ド	très (préfixe d'insistance)
直・なお	droit, honnête
値・ね	prix, valeur
はあ	oui, hein
ばったり	brusquement, par hasard (rencontre)
不・ぶ	in-, non- (préfixe négatif)
無・ぶ	sans (préfixe)
分・ぶ	un dixième, pour cent
密・みつ	dense, serré
訳・やく	traduction
夕べ・ゆうべ	soir, hier soir

# ---------------------------------------------------------------- N2
改正・かいせい	révision, amendement, modification
基準・きじゅん	critère, norme, référence
規準・きじゅん	norme, critère, règle
強化・きょうか	renforcement, intensification
構造・こうぞう	structure, construction
交流・こうりゅう	échange (culturel), contacts, courant alternatif
姿勢・しせい	posture, attitude
周辺・しゅうへん	alentours, environs, périphérie
政党・せいとう	parti politique
対策・たいさく	mesure, contre-mesure, dispositions
体制・たいせい	système, régime, organisation
段階・だんかい	étape, stade, niveau
調整・ちょうせい	ajustement, réglage, coordination
長男・ちょうなん	fils aîné
問い合わせ・といあわせ	demande de renseignements, question
統一・とういつ	unification, unité, uniformisation
方針・ほうしん	ligne de conduite, politique, orientation
本部・ほんぶ	siège, quartier général
民間・みんかん	privé, civil, populaire
連合・れんごう	union, alliance, coalition
延長・えんちょう	prolongation, prolongement, extension
会館・かいかん	salle (de réunion), maison (de la culture…)
解散・かいさん	dissolution, dispersion, séparation
回答・かいとう	réponse
開放・かいほう	ouverture, ouvrir (au public), libéralisation
学部・がくぶ	faculté (d'université), premier cycle
関西・かんさい	Kansai (région d'Osaka, Kyoto, Kobe)
観測・かんそく	observation
基礎・きそ	base, fondement, fondations
基地・きち	base (militaire)
公共・こうきょう	public, collectivité
工事・こうじ	travaux, chantier
公式・こうしき	officiel, formule (mathématique)
国籍・こくせき	nationalité
国立・こくりつ	national (établissement)
自治・じち	autonomie, administration locale
実績・じっせき	résultats, réalisations, bilan
実力・じつりょく	compétence réelle, capacité, force
集会・しゅうかい	réunion, rassemblement
就任・しゅうにん	entrée en fonctions, prise de poste
受験・じゅけん	passer un examen, se présenter à un concours
焦点・しょうてん	point focal, foyer, centre d'intérêt
資料・しりょう	documents, données, documentation
すくなくとも	au moins
整備・せいび	entretien, aménagement, mise en place
成立・せいりつ	conclusion, établissement, formation
相互・そうご	mutuel, réciproque
対立・たいりつ	opposition, confrontation, antagonisme
中間・ちゅうかん	milieu, intermédiaire, mi-parcours
直後・ちょくご	juste après, immédiatement après
直前・ちょくぜん	juste avant
通貨・つうか	monnaie, devise
停止・ていし	arrêt, suspension, interruption
手続き・てつづき	formalités, procédure, démarches
展開・てんかい	développement, déroulement, déploiement
天皇・てんのう	empereur (du Japon)
南北・なんぼく	nord et sud
日程・にってい	programme, emploi du temps, calendrier
狙い・ねらい	but, objectif, visée
編集・へんしゅう	édition, montage, rédaction
防止・ぼうし	prévention
輸送・ゆそう	transport
臨時・りんじ	temporaire, extraordinaire, exceptionnel
一定・いってい	fixe, constant, déterminé
売り上げ・うりあげ	chiffre d'affaires, ventes, recettes
応援・おうえん	soutien, encouragements, renfort
解放・かいほう	libération, émancipation
課税・かぜい	imposition, taxation
過程・かてい	processus, cours
為替・かわせ	change, mandat
器械・きかい	instrument, appareil
期限・きげん	délai, date limite, échéance
きっかけ	occasion, déclencheur, prétexte
基盤・きばん	base, fondement, infrastructure
継続・けいぞく	continuation, poursuite
下車・げしゃ	descendre (d'un train, d'un véhicule)
研修・けんしゅう	formation, stage
講師・こうし	chargé de cours, conférencier, intervenant
交替・こうたい	relève, roulement, remplacement
合同・ごうどう	commun, conjoint, réunion
撮影・さつえい	prise de vue, tournage, photographie
指定・してい	désignation, réservé, spécifier
児童・じどう	enfants, écoliers
氏名・しめい	nom et prénom, nom complet
勝負・しょうぶ	match, partie, victoire ou défaite
私立・しりつ	privé (établissement)
新幹線・しんかんせん	shinkansen, TGV (japonais)
申請・しんせい	demande (officielle), requête
深夜・しんや	tard dans la nuit, en pleine nuit
相撲・すもう	sumo
制作・せいさく	réalisation, création (d'une œuvre)
迫る・せまる	approcher, presser, serrer de près
追加・ついか	ajout, supplément
低下・ていか	baisse, diminution, détérioration
電力・でんりょく	électricité, énergie électrique
東西・とうざい	est et ouest
特定・とくてい	particulier, spécifique, déterminé
年度・ねんど	année (scolaire, fiscale), exercice
売買・ばいばい	achat et vente, commerce
発売・はつばい	mise en vente, sortie
話し合い・はなしあい	discussion, concertation
普及・ふきゅう	diffusion, propagation, généralisation
付近・ふきん	environs, voisinage, alentours
複数・ふくすう	plusieurs, pluriel
部品・ぶひん	pièce (détachée), composant
本来・ほんらい	à l'origine, par nature, normalement
友好・ゆうこう	amitié
来日・らいにち	venue au Japon, visite au Japon
意義・いぎ	sens, signification, portée
一斉・いっせい	tous ensemble, simultanément, en même temps
移転・いてん	déménagement, transfert
演劇・えんげき	théâtre, pièce de théâtre
開会・かいかい	ouverture (d'une séance)
解説・かいせつ	explication, commentaire
改造・かいぞう	transformation, remaniement, modification
火山・かざん	volcan
学会・がっかい	société savante, congrès scientifique
活躍・かつやく	activité remarquable, briller, jouer un rôle actif
過半数・かはんすう	majorité
感想・かんそう	impressions, avis
警備・けいび	surveillance, garde, sécurité
原理・げんり	principe, théorie
公害・こうがい	pollution, nuisance
高級・こうきゅう	haut de gamme, de luxe, supérieur
項目・こうもく	rubrique, point, élément
重点・じゅうてん	point important, priorité, accent
小学生・しょうがくせい	écolier
商業・しょうぎょう	commerce
賞金・しょうきん	prix (en argent), récompense
商社・しょうしゃ	société de commerce, maison de négoce
正面・しょうめん	devant, façade, de face
助教授・じょきょうじゅ	maître de conférences, professeur adjoint
書店・しょてん	librairie
森林・しんりん	forêt
製作・せいさく	fabrication, production
先頭・せんとう	tête, premier rang
大学院・だいがくいん	études supérieures, master et doctorat
竹・たけ	bambou
短期・たんき	court terme
知人・ちじん	connaissance (personne)
地帯・ちたい	zone, région
長女・ちょうじょ	fille aînée
造る・つくる	fabriquer, construire, brasser
定員・ていいん	capacité, nombre de places, effectif
統計・とうけい	statistiques
東洋・とうよう	Orient, Asie
特殊・とくしゅ	spécial, particulier
中身・なかみ	contenu, intérieur, fond
入社・にゅうしゃ	entrée dans une entreprise, embauche
農村・のうそん	village agricole, campagne
農薬・のうやく	pesticide, produits agricoles
発想・はっそう	idée, conception, manière de penser
反省・はんせい	réflexion sur soi, remise en question, regret
標準・ひょうじゅん	norme, standard, moyenne
夫妻・ふさい	couple, mari et femme, M. et Mme
保健・ほけん	santé, hygiène
募集・ぼしゅう	recrutement, appel à candidatures
摩擦・まさつ	friction, frottement
窓口・まどぐち	guichet
未満・みまん	moins de, inférieur à
面積・めんせき	superficie, surface
予備・よび	réserve, de rechange, préparatoire
育児・いくじ	éducation des enfants, puériculture
一段・いちだん	encore plus, d'autant plus, un degré
回数・かいすう	nombre de fois, fréquence
海洋・かいよう	océan
官庁・かんちょう	administration, services publics
看板・かんばん	enseigne, panneau
給与・きゅうよ	salaire, rémunération, allocation
行事・ぎょうじ	évènement, cérémonie, manifestation
漁業・ぎょぎょう	pêche (industrie)
工夫・くふう	ingéniosité, astuce, trouver un moyen
形式・けいしき	forme, format, formalité
芸能・げいのう	spectacle, divertissement, arts du spectacle
競馬・けいば	courses de chevaux
下旬・げじゅん	fin du mois (dernière décade)
血液・けつえき	sang
公表・こうひょう	annonce officielle, publication
国王・こくおう	roi
琴・こと	koto (cithare japonaise)
作成・さくせい	rédaction, élaboration, création
終了・しゅうりょう	fin, clôture, terminer
主役・しゅやく	rôle principal, premier rôle
将棋・しょうぎ	shôgi (échecs japonais)
消極的・しょうきょくてき	passif, négatif, réservé
上下・じょうげ	haut et bas, monter et descendre, aller-retour
商店・しょうてん	magasin, boutique
診断・しんだん	diagnostic
推定・すいてい	estimation, présomption
宣伝・せんでん	publicité, propagande
率直・そっちょく	franc, franchise, direct
地点・ちてん	point, endroit, lieu
中旬・ちゅうじゅん	milieu du mois (deuxième décade)
電波・でんぱ	ondes (radio), signal
当日・とうじつ	ce jour-là, le jour même
登場・とうじょう	entrée en scène, apparition
透明・とうめい	transparent, transparence
都心・としん	centre-ville
俳句・はいく	haïku
発電・はつでん	production d'électricité
広場・ひろば	place, esplanade
附属・ふぞく	rattaché, annexe, affilié
まもなく	bientôt, sous peu, d'ici peu
要旨・ようし	résumé, idée principale, l'essentiel
例外・れいがい	exception
あたりまえ	normal, évident, naturel
以後・いご	après, à partir de, désormais
売れ行き・うれゆき	ventes, débit
往復・おうふく	aller-retour
温泉・おんせん	source chaude, onsen
外部・がいぶ	extérieur, externe
学科・がっか	matière (d'étude), département, filière
貨物・かもつ	marchandises, fret
冠・かんむり	couronne
区域・くいき	zone, secteur, périmètre
気配・けはい	signe, présence, indice
原稿・げんこう	manuscrit, texte, brouillon
高層・こうそう	de grande hauteur, à étages, haute altitude
高度・こうど	altitude, avancé, haut niveau
高等・こうとう	supérieur, de haut niveau
作者・さくしゃ	auteur
敷地・しきち	terrain, emplacement, parcelle
死体・したい	cadavre, corps
実用・じつよう	usage pratique, utilité
地盤・じばん	sol, terrain, base électorale
締め切り・しめきり	date limite, échéance, clôture
縮小・しゅくしょう	réduction, diminution
前後・ぜんご	environ, avant et après, devant et derrière
全身・ぜんしん	tout le corps, en pied
彫刻・ちょうこく	sculpture, gravure
通勤・つうきん	trajet domicile-travail, aller au travail
努める・つとめる	s'efforcer, faire de son mieux
強気・つよき	ferme, sûr de soi, optimiste
銅・どう	cuivre, bronze
農産物・のうさんぶつ	produits agricoles
果たして・はたして	en effet, vraiment, comme prévu
判事・はんじ	juge
半島・はんとう	péninsule
父母・ふぼ	parents, père et mère
噴火・ふんか	éruption (volcanique)
文芸・ぶんげい	littérature, lettres
膨大・ぼうだい	énorme, considérable, colossal
方面・ほうめん	direction, région, domaine
放る・ほうる	lancer, jeter, laisser tomber
夜間・やかん	nuit, de nuit
役所・やくしょ	administration, mairie, bureau public
欄・らん	colonne, rubrique, case
列島・れっとう	archipel
あいかわらず	comme d'habitude, toujours pareil
安易・あんい	facile, facilité, sans effort
一流・いちりゅう	de premier ordre, de première classe, excellent
有無・うむ	présence ou absence, existence, oui ou non
回転・かいてん	rotation, tour, roulement
架空・かくう	imaginaire, fictif, aérien
学術・がくじゅつ	science, savoir, académique
楽器・がっき	instrument de musique
休業・きゅうぎょう	fermeture (temporaire), relâche, congé
空中・くうちゅう	dans les airs, ciel
苦情・くじょう	plainte, réclamation
外科・げか	chirurgie
限度・げんど	limite, plafond
原料・げんりょう	matière première
公正・こうせい	équitable, juste, impartial
古典・こてん	classique, ouvrage classique
再三・さいさん	à plusieurs reprises, maintes fois
産地・さんち	région de production, lieu d'origine
自衛・じえい	autodéfense, légitime défense
時速・じそく	vitesse horaire, kilomètres-heure
重量・じゅうりょう	poids
出張・しゅっちょう	voyage d'affaires, déplacement professionnel
書道・しょどう	calligraphie
素直・すなお	docile, franc, sincère
姓・せい	nom de famille
青少年・せいしょうねん	jeunes, jeunesse
生存・せいぞん	survie, existence
成分・せいぶん	composant, ingrédient, composition
先端・せんたん	pointe, bout, avant-garde
全般・ぜんぱん	ensemble, général, global
倉庫・そうこ	entrepôt, magasin
大工・だいく	charpentier, menuisier
体系・たいけい	système, organisation
体操・たいそう	gymnastique, exercices physiques
通知・つうち	avis, notification
通訳・つうやく	interprétation, interprète
特色・とくしょく	caractéristique, particularité, trait
南米・なんべい	Amérique du Sud
濃度・のうど	concentration, densité
広げる・ひろげる	étendre, déplier, élargir
矛盾・むじゅん	contradiction, incohérence
面接・めんせつ	entretien (d'embauche)
木材・もくざい	bois (matériau)
役者・やくしゃ	acteur, comédien
有料・ゆうりょう	payant
容器・ようき	récipient, contenant
用語・ようご	terme, terminologie
幼児・ようじ	jeune enfant, bambin
幼稚園・ようちえん	école maternelle, jardin d'enfants
寮・りょう	internat, foyer, résidence
アイデア	idée
曖昧・あいまい	vague, ambigu, flou
遭う・あう	subir, être victime de, rencontrer (un malheur)
扇ぐ・あおぐ	éventer
青白い・あおじろい	pâle, blême
あかんぼう	bébé, nourrisson
あきれる	être stupéfait, être consterné, en rester bouche bée
アクセント	accent
あくび	bâillement, bâiller
明け方・あけがた	aube, petit matin
憧れる・あこがれる	rêver de, aspirer à, admirer
足跡・あしあと	trace de pas, empreinte
味わう・あじわう	goûter, savourer, éprouver
預かる・あずかる	garder, prendre en charge, avoir la garde de
暖まる・あたたまる	se réchauffer
暖める・あたためる	réchauffer, chauffer
あちらこちら	çà et là, un peu partout
厚かましい・あつかましい	effronté, sans gêne, culotté
圧縮・あっしゅく	compression
宛名・あてな	nom et adresse du destinataire
あてはまる	s'appliquer à, correspondre à
あてはめる	appliquer, adapter
暴れる・あばれる	se déchaîner, se débattre, être violent
脂・あぶら	graisse, gras
あふれる	déborder
雨戸・あまど	volet (coulissant)
甘やかす・あまやかす	gâter, choyer
余る・あまる	rester, être en trop, dépasser
編物・あみもの	tricot
編む・あむ	tricoter, tresser, compiler
危うい・あやうい	dangereux, périlleux, précaire
怪しい・あやしい	suspect, louche, douteux
荒い・あらい	brutal, violent, agité
粗い・あらい	grossier, rugueux, gros (grain)
あらすじ	résumé, synopsis
争う・あらそう	se disputer, rivaliser, lutter
改めて・あらためて	de nouveau, une autre fois, à nouveau
改める・あらためる	changer, réformer, corriger
著す・あらわす	écrire, publier (un ouvrage)
ありがたい	reconnaissant, bienvenu, précieux
あれこれ	ceci et cela, diverses choses
あわただしい	précipité, agité, mouvementé
あわてる	s'affoler, paniquer, se précipiter
案外・あんがい	contre toute attente, étonnamment
アンテナ	antenne
言い出す・いいだす	proposer, suggérer, commencer à dire
生き生き・いきいき	plein de vie, vif, animé
いきなり	soudain, brusquement, sans prévenir
幾分・いくぶん	un peu, quelque peu, en partie
生け花・いけばな	ikebana, art floral
以降・いこう	à partir de, depuis, après
勇ましい・いさましい	courageux, vaillant, brave
衣食住・いしょくじゅう	le vivre et le couvert, nécessités de la vie
意地悪・いじわる	méchant, méchanceté, malveillant
いちいち	un par un, chaque fois, en détail
一応・いちおう	pour l'instant, à peu près, au cas où
いったん	une fois, momentanément, provisoirement
いつのまにか	sans s'en rendre compte, à son insu
井戸・いど	puits
緯度・いど	latitude
威張る・いばる	faire le fier, se donner de grands airs
嫌がる・いやがる	détester, rechigner à, ne pas vouloir
いよいよ	enfin, de plus en plus, finalement
入れ物・いれもの	récipient, boîte, contenant
インキ	encre
インタビュー	interview, entretien
引力・いんりょく	gravitation, attraction
ウール	laine
植木・うえき	plante (de jardin), arbuste, plante en pot
飢える・うえる	avoir faim, être affamé
浮かぶ・うかぶ	flotter, venir à l'esprit, apparaître
浮かべる・うかべる	faire flotter, afficher (un sourire), évoquer
浮く・うく	flotter, se détacher, être en surplus
承る・うけたまわる	entendre, recevoir (une commande), accepter (humble)
受取・うけとり	reçu, réception
受け持つ・うけもつ	être chargé de, avoir la responsabilité de
薄暗い・うすぐらい	sombre, faiblement éclairé
薄める・うすめる	diluer, allonger
打合せ・うちあわせ	réunion préparatoire, concertation
打ち消す・うちけす	nier, démentir
討つ・うつ	attaquer, abattre, venger
うっかり	par inadvertance, par mégarde, distraitement
映す・うつす	refléter, projeter
写る・うつる	être photographié, apparaître (sur une photo)
映る・うつる	se refléter, être projeté, aller bien (avec)
うどん	udon (nouilles)
埋める・うめる	enterrer, combler, remplir
敬う・うやまう	respecter, vénérer
裏返す・うらがえす	retourner, mettre à l'envers
裏口・うらぐち	porte de derrière, entrée de service
占う・うらなう	prédire l'avenir, dire la bonne aventure
恨み・うらみ	rancune, ressentiment
恨む・うらむ	en vouloir à, garder rancune
羨ましい・うらやましい	envieux, enviable, jaloux
売り切れ・うりきれ	épuisé (stock), complet
売り切れる・うりきれる	être épuisé, être vendu
うろうろ	errer, tourner en rond, rôder
運河・うんが	canal
英文・えいぶん	texte en anglais, phrase anglaise
英和・えいわ	anglais-japonais
液体・えきたい	liquide
エチケット	étiquette, savoir-vivre
絵の具・えのぐ	peinture, couleurs
偉い・えらい	grand, éminent, admirable
宴会・えんかい	banquet, fête
園芸・えんげい	jardinage, horticulture
円周・えんしゅう	circonférence
遠足・えんそく	excursion, sortie scolaire
煙突・えんとつ	cheminée
追い越す・おいこす	dépasser, doubler
王女・おうじょ	princesse
応ずる・おうずる	répondre à, satisfaire, accepter
応接・おうせつ	accueil, réception (de visiteurs)
応対・おうたい	accueil, réception, traitement (des clients)
欧米・おうべい	Europe et Amérique, l'Occident
応用・おうよう	application, mise en pratique
オーケストラ	orchestre
おおざっぱ	approximatif, grossier, sans soin
大通り・おおどおり	avenue, grand-rue
オートメーション	automatisation
お帰り・おかえり	bon retour, bienvenue (à la maison)
おかげさまで	grâce à vous, Dieu merci
拝む・おがむ	prier, se recueillir, joindre les mains
おかわり	resservir, deuxième portion
補う・おぎなう	compléter, compenser, suppléer
屋外・おくがい	en plein air, extérieur
おくさん	épouse (d'autrui), madame
送り仮名・おくりがな	okurigana (kanas après un kanji)
怠る・おこたる	négliger, manquer à
押さえる・おさえる	maintenir, retenir, contenir
納める・おさめる	payer, livrer, ranger
治める・おさめる	gouverner, administrer, apaiser
惜しい・おしい	dommage, regrettable, précieux
お辞儀・おじぎ	révérence, salut (en s'inclinant)
おしゃれ	élégant, coquet, chic
教わる・おそわる	apprendre (de quelqu'un), recevoir un enseignement
落ち着く・おちつく	se calmer, s'installer, se stabiliser
お手伝いさん・おてつだいさん	aide ménagère, femme de ménage
おどかす	menacer, faire peur, effrayer
落とし物・おとしもの	objet perdu
おととい	avant-hier
おととし	il y a deux ans
おとなしい	sage, docile, calme
驚かす・おどろかす	surprendre, étonner, effrayer
各々・おのおの	chacun, chacune
おはよう	bonjour (le matin)
お参り・おまいり	visite au temple, pèlerinage, prière
思いがけない・おもいがけない	inattendu, imprévu
思い込む・おもいこむ	être persuadé, se mettre en tête
思い付く・おもいつく	avoir l'idée de, penser à
重たい・おもたい	lourd, pesant
おやすみ	bonne nuit, congé, repos
おやつ	goûter, en-cas
親指・おやゆび	pouce
オルガン	orgue
卸す・おろす	vendre en gros
恩恵・おんけい	bienfait, faveur, avantage
温室・おんしつ	serre
温帯・おんたい	zone tempérée
御中・おんちゅう	à l'attention de (une société)
蚊・か	moustique
カーブ	virage, courbe
貝・かい	coquillage, mollusque
改札・かいさつ	contrôle des billets, portillon
海水浴・かいすいよく	bain de mer, baignade
回数券・かいすうけん	carnet de tickets
快晴・かいせい	beau temps, ciel dégagé
解答・かいとう	réponse, solution
概論・がいろん	introduction, aperçu général
帰す・かえす	renvoyer, laisser rentrer
かえって	au contraire, plutôt, d'autant plus
代える・かえる	remplacer, substituer
反る・かえる	se courber, se gondoler, se cambrer
家屋・かおく	maison, bâtiment
係わる・かかわる	concerner, être lié à, se mêler de
書留・かきとめ	recommandé (courrier)
書取・かきとり	dictée
垣根・かきね	haie, clôture
かく	gratter, se gratter, transpirer
嗅ぐ・かぐ	sentir, renifler, flairer
各自・かくじ	chacun, chaque personne
拡充・かくじゅう	extension, développement, renforcement
各地・かくち	divers endroits, partout
拡張・かくちょう	agrandissement, extension
角度・かくど	angle
学年・がくねん	année scolaire, classe
格別・かくべつ	particulier, exceptionnel, spécial
確率・かくりつ	probabilité
学力・がくりょく	connaissances scolaires, niveau scolaire
掛け算・かけざん	multiplication
可決・かけつ	adoption, approbation (d'un projet)
下降・かこう	descente, baisse, chute
重なる・かさなる	se superposer, se chevaucher, s'accumuler
重ねる・かさねる	empiler, superposer, répéter
飾り・かざり	décoration, ornement
かしこまりました	bien compris, entendu, à votre service
貸し出し・かしだし	prêt, location
過失・かしつ	faute, négligence, erreur
果実・かじつ	fruit
貸間・かしま	chambre à louer
個所・かしょ	endroit, passage, point
過剰・かじょう	excès, surplus
カセット	cassette
加速・かそく	accélération
片付く・かたづく	être rangé, être réglé, être terminé
塊・かたまり	morceau, bloc, masse
固まる・かたまる	durcir, se solidifier, se figer
片道・かたみち	aller simple
傾く・かたむく	pencher, s'incliner, décliner
片寄る・かたよる	pencher d'un côté, être partial, être déséquilibré
担ぐ・かつぐ	porter sur l'épaule, porter
かっこ	parenthèse, crochets
活字・かつじ	caractère d'imprimerie, l'imprimé
活力・かつりょく	vitalité, énergie
仮定・かてい	hypothèse, supposition
課程・かてい	cursus, programme (d'études)
仮名・かな	kana, syllabaire japonais
仮名遣い・かなづかい	orthographe en kanas
鐘・かね	cloche
かねる	ne pas pouvoir, avoir du mal à, cumuler
カバー	couverture, housse, couvrir
かぶせる	couvrir, recouvrir
釜・かま	marmite, chaudron, four
紙屑・かみくず	vieux papiers, papier à jeter
神様・かみさま	dieu, divinité
かみそり	rasoir
かゆい	qui démange
殻・から	coquille, carapace, écorce
カラー	couleur, col
からかう	taquiner, se moquer de
空っぽ・からっぽ	vide
枯れる・かれる	se faner, se dessécher, mourir (plante)
カロリー	calorie
かわいがる	chérir, choyer, être affectueux avec
乾かす・かわかす	sécher, faire sécher
渇く・かわく	avoir soif
瓦・かわら	tuile
代わる・かわる	remplacer, prendre la place de
間隔・かんかく	intervalle, espacement, écart
換気・かんき	aération, ventilation
感激・かんげき	émotion vive, être ému, enthousiasme
鑑賞・かんしょう	appréciation (d'une œuvre)
感ずる・かんずる	sentir, ressentir
間接・かんせつ	indirect
乾燥・かんそう	sécheresse, séchage, sec
勘違い・かんちがい	malentendu, méprise, se tromper
缶詰・かんづめ	conserve, boîte de conserve
乾電池・かんでんち	pile
観念・かんねん	notion, idée, sens (du devoir…)
乾杯・かんぱい	santé !, toast, trinquer
看病・かんびょう	soigner (un malade), garde-malade
漢和・かんわ	kanji-japonais (dictionnaire)
気圧・きあつ	pression atmosphérique
着替え・きがえ	se changer, vêtements de rechange
機関車・きかんしゃ	locomotive
飢饉・ききん	famine
器具・きぐ	ustensile, appareil, instrument
記号・きごう	symbole, signe
刻む・きざむ	hacher, graver, sculpter
儀式・ぎしき	cérémonie, rite
起床・きしょう	lever, se lever
着せる・きせる	habiller, vêtir
気体・きたい	gaz
ぎっしり	bien rempli, serré, bourré
客席・きゃくせき	places des spectateurs, salle
客間・きゃくま	salon, pièce de réception
キャンパス	campus
休講・きゅうこう	cours annulé
休息・きゅうそく	repos, pause
休養・きゅうよう	repos, convalescence
清い・きよい	pur, limpide, noble
境界・きょうかい	frontière, limite
恐縮・きょうしゅく	confus, désolé (du dérangement), reconnaissant
教養・きょうよう	culture (générale), éducation
行列・ぎょうれつ	file d'attente, cortège, défilé
曲線・きょくせん	courbe
規律・きりつ	discipline, règle, ordre
気を付ける・きをつける	faire attention, prendre garde
金魚・きんぎょ	poisson rouge
偶数・ぐうすう	nombre pair
空想・くうそう	rêverie, imagination, fantaisie
クーラー	climatiseur, glacière
釘・くぎ	clou
区切る・くぎる	diviser, séparer, découper
櫛・くし	peigne
くしゃみ	éternuement, éternuer
苦心・くしん	peine, efforts, se donner du mal
くず	déchets, débris, rebut
崩す・くずす	démolir, défaire, faire la monnaie
薬指・くすりゆび	annulaire
崩れる・くずれる	s'effondrer, s'écrouler, se gâter
砕く・くだく	briser, broyer, écraser
砕ける・くだける	se briser, se casser
くたびれる	se fatiguer, s'user
くだらない	stupide, insignifiant, sans valeur
下る・くだる	descendre
唇・くちびる	lèvres
口紅・くちべに	rouge à lèvres
くっつく	coller, adhérer, se coller à
くっつける	coller, attacher, joindre
くどい	insistant, répétitif, lourd
句読点・くとうてん	ponctuation
配る・くばる	distribuer
区分・くぶん	division, classification, répartition
組合せ・くみあわせ	combinaison, assortiment
組み立てる・くみたてる	assembler, monter, construire
汲む・くむ	puiser
悔しい・くやしい	rageant, vexant, frustrant
クリーニング	pressing, nettoyage à sec
くるむ	envelopper, emmailloter
くれぐれも	sincèrement, à tout prix, bien
郡・ぐん	district, canton
稽古・けいこ	entraînement, exercice, répétition
敬語・けいご	langage honorifique
蛍光灯・けいこうとう	tube fluorescent, néon
毛糸・けいと	laine (à tricoter)
経度・けいど	longitude
系統・けいとう	système, lignée, filiation
形容詞・けいようし	adjectif (en -i)
毛皮・けがわ	fourrure, peau
下水・げすい	égout, eaux usées
削る・けずる	raboter, tailler, réduire
桁・けた	chiffre (d'un nombre), poutre, ordre de grandeur
下駄・げた	geta (sandales en bois)
血圧・けつあつ	tension artérielle
月給・げっきゅう	salaire mensuel
傑作・けっさく	chef-d'œuvre
月末・げつまつ	fin du mois
下品・げひん	vulgaire, grossier
煙い・けむい	enfumé
蹴る・ける	donner un coup de pied, refuser
険しい・けわしい	escarpé, raide, sévère
見学・けんがく	visite (d'étude), observation
謙虚・けんきょ	modeste, humble
原始・げんし	primitif, origine
厳重・げんじゅう	strict, rigoureux, sévère
謙遜・けんそん	modestie, humilité
県庁・けんちょう	préfecture
現に・げんに	effectivement, réellement, de fait
顕微鏡・けんびきょう	microscope
碁・ご	go (jeu)
恋しい・こいしい	qui manque, regretté, chéri
強引・ごういん	forcé, de force, autoritaire
工芸・こうげい	artisanat d'art, arts appliqués
孝行・こうこう	piété filiale, être un bon fils
交差・こうさ	croisement, intersection
口実・こうじつ	prétexte, excuse
校舎・こうしゃ	bâtiment scolaire
公衆・こうしゅう	public
香水・こうすい	parfum
光線・こうせん	rayon (lumineux), faisceau
校庭・こうてい	cour d'école
肯定・こうてい	affirmation, approbation
後輩・こうはい	cadet, junior (à l'école, au travail)
鉱物・こうぶつ	minéral
公務・こうむ	fonction publique, service officiel
紅葉・こうよう	feuilles rouges d'automne, érable
合理・ごうり	rationnel
効力・こうりょく	effet, efficacité, validité
超える・こえる	dépasser, excéder, franchir
コース	parcours, cours, filière
ごくろうさま	merci pour votre peine, bon travail
焦げる・こげる	brûler, roussir, attacher
凍える・こごえる	geler, être transi de froid
心当たり・こころあたり	avoir une idée, savoir quelque chose
心得る・こころえる	savoir, comprendre, maîtriser
腰掛け・こしかけ	siège, banc
腰掛ける・こしかける	s'asseoir
五十音・ごじゅうおん	syllabaire japonais (tableau des 50 sons)
こしょう	poivre
こしらえる	confectionner, fabriquer, préparer
超す・こす	dépasser, franchir
こする	frotter
ご馳走・ごちそう	festin, bon repas, inviter (à manger)
ごちそうさま	merci pour le repas
小遣い・こづかい	argent de poche
コック	cuisinier, robinet
こっそり	en cachette, discrètement
言葉遣い・ことばづかい	façon de parler, langage, expression
御無沙汰・ごぶさた	longue absence de nouvelles, désolé du silence
こぼす	renverser, répandre, se plaindre
こぼれる	se renverser, déborder
ゴム	caoutchouc, élastique, gomme
ごめん	pardon, désolé
ごめんください	il y a quelqu'un ?, excusez-moi (en entrant)
小指・こゆび	auriculaire, petit doigt
娯楽・ごらく	divertissement, loisirs
転がす・ころがす	faire rouler
転がる・ころがる	rouler, tomber
紺・こん	bleu marine
コンクール	concours
コンクリート	béton
コンセント	prise (électrique)
献立・こんだて	menu
こんばんは	bonsoir
サークル	club, cercle
在学・ざいがく	être inscrit (à l'école), scolarité
祭日・さいじつ	jour férié, jour de fête
催促・さいそく	relance, réclamation, presser
採点・さいてん	notation, correction (de copies)
災難・さいなん	malheur, calamité, catastrophe
裁縫・さいほう	couture
材木・ざいもく	bois de construction
サイレン	sirène
逆さ・さかさ	à l'envers, inversé, la tête en bas
捜す・さがす	chercher (ce qu'on a perdu)
さかのぼる	remonter (le temps, un cours d'eau), rétroagir
先程・さきほど	tout à l'heure, il y a un instant
裂く・さく	déchirer, fendre
索引・さくいん	index
削除・さくじょ	suppression, effacement
作製・さくせい	fabrication, réalisation
探る・さぐる	chercher à tâtons, sonder, explorer
ささやく	chuchoter, murmurer
刺さる・ささる	se planter, être piqué
さじ	cuillère
座敷・ざしき	pièce à tatamis, salon japonais
差し支え・さしつかえ	empêchement, inconvénient
差し引き・さしひき	déduction, solde
刺身・さしみ	sashimi, poisson cru
刺す・さす	piquer, poignarder, percer
さす	verser, servir (à boire)
射す・さす	briller, darder (lumière)
さすが	comme on pouvait s'y attendre, vraiment, tout de même
雑音・ざつおん	bruit, parasites
さっさと	rapidement, vite, sans traîner
早速・さっそく	immédiatement, tout de suite, sans tarder
錆・さび	rouille
錆びる・さびる	rouiller
座布団・ざぶとん	coussin (pour s'asseoir)
冷ます・さます	refroidir, laisser refroidir
妨げる・さまたげる	gêner, empêcher, entraver
冷める・さめる	refroidir, se refroidir, s'estomper
さようなら	au revoir
サラリーマン	salarié, employé de bureau
騒がしい・さわがしい	bruyant, agité
さわやか	frais, rafraîchissant, agréable
三角・さんかく	triangle, triangulaire
算数・さんすう	arithmétique, calcul
酸性・さんせい	acidité, acide
山林・さんりん	forêt de montagne
しあさって	dans trois jours
シーズン	saison
シーツ	drap
寺院・じいん	temple
塩辛い・しおからい	salé
司会・しかい	présentation, animation, présidence (d'une séance)
四角・しかく	carré, rectangle
四角い・しかくい	carré, rectangulaire
時間割・じかんわり	emploi du temps
四季・しき	les quatre saisons
至急・しきゅう	urgent, d'urgence
敷く・しく	étendre, étaler, poser
茂る・しげる	pousser dru, être touffu
持参・じさん	apporter, emporter (avec soi)
磁石・じしゃく	aimant, boussole
四捨五入・ししゃごにゅう	arrondi, arrondir
始終・しじゅう	sans cesse, du début à la fin, constamment
自習・じしゅう	étude personnelle, travail en autonomie
静まる・しずまる	se calmer, s'apaiser
自然科学・しぜんかがく	sciences naturelles
子孫・しそん	descendants, descendance
下書き・したがき	brouillon, ébauche
下町・したまち	quartiers populaires, bas de la ville
実感・じっかん	sentiment réel, ressentir vraiment
湿気・しっけ	humidité
しつこい	insistant, tenace, collant
実習・じっしゅう	travaux pratiques, stage
湿度・しつど	taux d'humidité
執筆・しっぴつ	écriture, rédaction
実物・じつぶつ	objet réel, original, en vrai
しっぽ	queue (d'animal)
実例・じつれい	exemple concret
失恋・しつれん	chagrin d'amour, peine de cœur
私鉄・してつ	chemin de fer privé
縛る・しばる	attacher, lier, ligoter
しびれる	s'engourdir, avoir des fourmis, être électrisé
紙幣・しへい	billet de banque
しぼむ	se faner, se flétrir, se dégonfler
絞る・しぼる	essorer, presser, restreindre
縞・しま	rayure
地味・じみ	sobre, discret, terne
締め切る・しめきる	fermer, clore
湿る・しめる	être humide, s'humidifier
ジャーナリスト	journaliste
社会科学・しゃかいかがく	sciences sociales
しゃがむ	s'accroupir
蛇口・じゃぐち	robinet
弱点・じゃくてん	point faible, faiblesse
車庫・しゃこ	garage, dépôt
車掌・しゃしょう	contrôleur (de train), receveur
写生・しゃせい	croquis, dessin d'après nature
社説・しゃせつ	éditorial
しゃっくり	hoquet
シャッター	volet roulant, obturateur, rideau de fer
車輪・しゃりん	roue
洒落・しゃれ	jeu de mots, calembour, plaisanterie
住居・じゅうきょ	logement, domicile, résidence
集合・しゅうごう	rassemblement, réunion, ensemble (maths)
修繕・しゅうぜん	réparation, raccommodage
重体・じゅうたい	état grave, état critique
絨毯・じゅうたん	tapis, moquette
終点・しゅうてん	terminus
重役・じゅうやく	cadre dirigeant, administrateur
重力・じゅうりょく	pesanteur, gravité
熟語・じゅくご	mot composé (en kanjis), expression idiomatique
祝日・しゅくじつ	jour férié
出勤・しゅっきん	aller au travail, présence au travail
寿命・じゅみょう	durée de vie, espérance de vie
受話器・じゅわき	combiné (téléphonique)
循環・じゅんかん	circulation, cycle
巡査・じゅんさ	agent de police
順序・じゅんじょ	ordre, séquence, procédure
純情・じゅんじょう	cœur pur, naïf, candide
純粋・じゅんすい	pur, authentique
消化・しょうか	digestion, assimilation
定規・じょうぎ	règle (à tracer)
上級・じょうきゅう	niveau avancé, supérieur
障子・しょうじ	shôji (cloison en papier)
乗車・じょうしゃ	monter (dans un train, un véhicule)
上旬・じょうじゅん	début du mois (première décade)
生ずる・しょうずる	se produire, survenir, engendrer
小数・しょうすう	nombre décimal, décimale
消毒・しょうどく	désinfection, stérilisation
勝敗・しょうはい	victoire ou défaite, issue
蒸発・じょうはつ	évaporation, disparition
賞品・しょうひん	prix, lot, récompense
小便・しょうべん	urine, pipi
消防署・しょうぼうしょ	caserne de pompiers
消耗・しょうもう	consommation, usure, épuisement
醤油・しょうゆ	sauce soja
省略・しょうりゃく	omission, abréviation
初級・しょきゅう	niveau débutant, élémentaire
職人・しょくにん	artisan, ouvrier
書籍・しょせき	livre, ouvrage
食器・しょっき	vaisselle
白髪・しらが	cheveux blancs
知り合い・しりあい	connaissance (personne)
シリーズ	série
汁・しる	jus, soupe, bouillon
素人・しろうと	amateur, profane, novice
芯・しん	cœur, mèche, mine (de crayon)
信ずる・しんずる	croire, avoir confiance
心身・しんしん	corps et esprit
人造・じんぞう	artificiel, synthétique
寝台・しんだい	lit, couchette
侵入・しんにゅう	intrusion, invasion, effraction
人文科学・じんぶんかがく	sciences humaines
親類・しんるい	parents, famille (élargie)
神話・しんわ	mythe, mythologie
酢・す	vinaigre
水産・すいさん	produits de la mer, pêche
炊事・すいじ	cuisine (faire la cuisine)
水蒸気・すいじょうき	vapeur d'eau
水素・すいそ	hydrogène
垂直・すいちょく	vertical, perpendiculaire
水滴・すいてき	goutte d'eau
水筒・すいとう	gourde
随筆・ずいひつ	essai, écrits au fil du pinceau
水分・すいぶん	eau, humidité, hydratation
水平・すいへい	horizontal, niveau
水平線・すいへいせん	horizon (sur la mer)
水曜・すいよう	mercredi
ずうずうしい	effronté, sans gêne
末っ子・すえっこ	cadet, benjamin
杉・すぎ	cèdre du Japon
好き嫌い・すききらい	goûts, préférences, être difficile
好き好き・すきずき	affaire de goût
透き通る・すきとおる	être transparent, être limpide
隙間・すきま	interstice, fente, espace
スクール	école
図形・ずけい	figure, forme (géométrique)
スケジュール	emploi du temps, programme, planning
鈴・すず	clochette, grelot
涼む・すずむ	prendre le frais
スタート	départ, début, commencer
スチュワーデス	hôtesse (de l'air)
すっきり	net, clair, soulagé
すっぱい	acide, aigre
ステージ	scène, étape
ストップ	arrêt, stop
頭脳・ずのう	cerveau, intelligence
スピーカー	haut-parleur, enceinte
図表・ずひょう	graphique, diagramme, tableau
スマート	élégant, mince, chic
住まい・すまい	logement, domicile
すまない	désolé
墨・すみ	encre de Chine
澄む・すむ	devenir clair, être limpide
スライド	diapositive
ずらす	décaler, déplacer, reporter
刷る・する	imprimer
ずるい	malhonnête, rusé, tricheur
ずれる	se décaler, glisser, être décalé
寸法・すんぽう	dimensions, mesures, taille
税関・ぜいかん	douane
性質・せいしつ	nature, caractère, propriété
清書・せいしょ	mise au propre, copie au propre
整数・せいすう	nombre entier
清掃・せいそう	nettoyage
生長・せいちょう	croissance (des plantes)
生年月日・せいねんがっぴ	date de naissance
性能・せいのう	performances, efficacité
性別・せいべつ	sexe, genre
正方形・せいほうけい	carré
正門・せいもん	entrée principale, portail principal
西暦・せいれき	ère chrétienne, calendrier occidental
背負う・せおう	porter sur le dos, endosser
赤道・せきどう	équateur
せっかく	exprès, pour une fois, avec tant de peine
接近・せっきん	approche, rapprochement
接する・せっする	être en contact avec, côtoyer, recevoir
接続・せつぞく	connexion, raccordement, correspondance
瀬戸物・せともの	porcelaine, faïence, vaisselle
ぜひとも	absolument, à tout prix
せめて	au moins, du moins
攻める・せめる	attaquer, assaillir
セメント	ciment
洗剤・せんざい	détergent, lessive, liquide vaisselle
全集・ぜんしゅう	œuvres complètes
扇子・せんす	éventail (pliant)
先祖・せんぞ	ancêtre, aïeux
センチ	centimètre
扇風機・せんぷうき	ventilateur
線路・せんろ	voie ferrée, rails
相違・そうい	différence, divergence
雑巾・ぞうきん	serpillière, chiffon
増減・ぞうげん	augmentation et diminution, variation
創作・そうさく	création, œuvre originale
葬式・そうしき	funérailles, enterrement
造船・ぞうせん	construction navale
騒々しい・そうぞうしい	bruyant, tapageur
増大・ぞうだい	augmentation, accroissement
送別・そうべつ	adieux, départ, pot de départ
草履・ぞうり	zôri (sandales)
総理大臣・そうりだいじん	Premier ministre
属する・ぞくする	appartenir à, faire partie de
続々・ぞくぞく	l'un après l'autre, successivement
速達・そくたつ	courrier express
測定・そくてい	mesure
測量・そくりょう	arpentage, topographie, mesure
素質・そしつ	aptitudes, dispositions, talent
祖先・そせん	ancêtre
そそっかしい	étourdi, écervelé
そのうえ	en outre, de plus, qui plus est
そのほか	en outre, le reste, d'autre part
剃る・そる	raser, se raser
それる	dévier, s'écarter, s'égarer
揃う・そろう	être au complet, être réunis, être assortis
揃える・そろえる	réunir, aligner, assortir
そろばん	boulier
存じる・ぞんじる	savoir, connaître (humble)
損得・そんとく	pertes et profits, intérêt
第一・だいいち	premier, avant tout, d'abord
太鼓・たいこ	tambour
大して・たいして	(pas) tellement, (pas) très
対照・たいしょう	contraste, comparaison
大小・だいしょう	taille, grand et petit
体積・たいせき	volume
たいそう	très, extrêmement
だいぶん	considérablement, beaucoup
題名・だいめい	titre
代名詞・だいめいし	pronom
ダイヤモンド	diamant
ダイヤル	cadran, composer (un numéro)
田植え・たうえ	repiquage du riz
絶えず・たえず	sans cesse, constamment
高める・たかめる	élever, rehausser, améliorer
耕す・たがやす	labourer, cultiver
滝・たき	cascade, chute d'eau
炊く・たく	cuire (le riz)
焚く・たく	allumer (un feu), brûler
蓄える・たくわえる	stocker, mettre de côté, accumuler
助かる・たすかる	être sauvé, s'en tirer, être utile
ただし	cependant, toutefois, à condition que
たたむ	plier, replier
立ち止まる・たちどまる	s'arrêter, s'immobiliser
たちまち	aussitôt, en un instant
建つ・たつ	être construit, s'élever
脱線・だっせん	déraillement, digression
妥当・だとう	approprié, pertinent, raisonnable
例える・たとえる	comparer, prendre pour exemple
頼もしい・たのもしい	fiable, prometteur, rassurant
ダブル	double
だます	tromper, duper, escroquer
たまる	s'accumuler, s'amasser
ダム	barrage
溜め息・ためいき	soupir
ためらう	hésiter
溜める・ためる	accumuler, amasser, économiser
だらしない	négligé, débraillé, laxiste
足る・たる	suffire, être suffisant
短所・たんしょ	défaut, point faible
たんす	commode
断水・だんすい	coupure d'eau
単数・たんすう	singulier
団地・だんち	grand ensemble, cité (HLM)
断定・だんてい	affirmation catégorique, conclusion
誓う・ちかう	jurer, faire le serment
近付ける・ちかづける	approcher, rapprocher
近寄る・ちかよる	s'approcher
力強い・ちからづよい	vigoureux, puissant, rassurant
ちぎる	déchirer en morceaux, arracher, cueillir
地質・ちしつ	géologie, nature du sol
縮む・ちぢむ	rétrécir, se contracter
縮める・ちぢめる	raccourcir, réduire, rétrécir
縮れる・ちぢれる	friser, onduler, se froisser
地名・ちめい	nom de lieu, toponyme
着々・ちゃくちゃく	régulièrement, pas à pas, sûrement
茶碗・ちゃわん	bol (à riz), tasse à thé
中世・ちゅうせい	Moyen Âge
中性・ちゅうせい	neutre
中途・ちゅうと	à mi-chemin, en cours de route
中年・ちゅうねん	âge mûr, quinquagénaire
超過・ちょうか	excédent, dépassement
長所・ちょうしょ	qualité, point fort, avantage
調節・ちょうせつ	réglage, ajustement, régulation
長短・ちょうたん	longueur, avantages et inconvénients
頂点・ちょうてん	sommet, apogée
長方形・ちょうほうけい	rectangle
調味料・ちょうみりょう	assaisonnement, condiment
チョーク	craie
直線・ちょくせん	ligne droite
直通・ちょくつう	direct (ligne, train)
直角・ちょっかく	angle droit
直径・ちょっけい	diamètre
散らかす・ちらかす	mettre en désordre, éparpiller
散らかる・ちらかる	être en désordre, traîner partout
散らす・ちらす	disperser, éparpiller
ちり紙・ちりがみ	mouchoir en papier, papier toilette
散る・ちる	tomber (feuilles, pétales), se disperser
ついで	occasion, au passage, en même temps
通帳・つうちょう	livret (bancaire)
通用・つうよう	être valable, avoir cours, être d'usage
通路・つうろ	passage, allée, couloir
付き合う・つきあう	fréquenter, sortir avec, tenir compagnie
突き当たり・つきあたり	bout (d'une rue, d'un couloir)
突き当たる・つきあたる	tomber sur, buter contre, arriver au bout
月日・つきひ	le temps, les jours, les années
つく	s'allumer, prendre (feu), dire (un mensonge)
突く・つく	piquer, pousser, frapper
次ぐ・つぐ	suivre, venir après, se classer juste après
伝わる・つたわる	se transmettre, se propager, être transmis
突っ込む・つっこむ	plonger dans, enfoncer, foncer dans
務める・つとめる	remplir (un rôle), occuper (un poste), servir de
綱・つな	corde, câble
つながり	lien, relation, connexion
つながる	être relié, être lié, se rattacher
粒・つぶ	grain, goutte
潰す・つぶす	écraser, détruire, tuer (le temps)
潰れる・つぶれる	être écrasé, faire faillite
つまずく	trébucher, échouer
詰まる・つまる	être bouché, être bourré, être à court
積む・つむ	empiler, entasser, charger
爪・つめ	ongle, griffe
艶・つや	lustre, éclat, brillant
釣り合う・つりあう	s'équilibrer, aller ensemble, être assorti
吊る・つる	suspendre, pendre
吊るす・つるす	suspendre, accrocher
出合い・であい	rencontre
手洗い・てあらい	toilettes, lavage des mains
定価・ていか	prix fixe, prix catalogue
定期券・ていきけん	abonnement (de transport)
定休日・ていきゅうび	jour de fermeture hebdomadaire
停車・ていしゃ	arrêt (d'un train, d'un véhicule)
停電・ていでん	panne de courant, coupure d'électricité
出入り・でいり	allées et venues, entrées et sorties
出入口・でいりぐち	entrée, issue
手入れ・ていれ	entretien, soin
テーマ	thème, sujet
出掛ける・でかける	sortir, partir
出来上がり・できあがり	fini, achèvement, résultat
出来上がる・できあがる	être terminé, être prêt
的確・てきかく	précis, exact, juste
適確・てきかく	précis, exact, juste
手首・てくび	poignet
凸凹・でこぼこ	inégal, cahoteux, bosselé
でたらめ	n'importe quoi, absurdité, au hasard
手帳・てちょう	agenda, carnet
鉄橋・てっきょう	pont ferroviaire, pont métallique
鉄砲・てっぽう	fusil, arme à feu
手拭い・てぬぐい	serviette (en coton), essuie-mains
手前・てまえ	ce côté-ci, devant, juste avant
出迎え・でむかえ	accueil (à l'arrivée)
照らす・てらす	éclairer, illuminer
照る・てる	briller
電球・でんきゅう	ampoule
点数・てんすう	note, points, score
伝染・でんせん	contagion, contamination
電池・でんち	pile, batterie
電柱・でんちゅう	poteau électrique
テンポ	tempo, rythme
電流・でんりゅう	courant électrique
峠・とうげ	col (de montagne), point culminant, cap difficile
動作・どうさ	mouvement, geste, fonctionnement
投書・とうしょ	courrier des lecteurs, lettre (à un journal)
どうせ	de toute façon, quoi qu'il en soit
灯台・とうだい	phare
盗難・とうなん	vol, cambriolage
当番・とうばん	tour de service, être de service
等分・とうぶん	partage égal, parts égales
灯油・とうゆ	pétrole lampant, kérosène
童話・どうわ	conte pour enfants
溶かす・とかす	faire fondre, dissoudre
尖る・とがる	être pointu, s'énerver
どきどき	battre fort (cœur), palpiter
溶く・とく	délayer, dissoudre
特売・とくばい	soldes, vente promotionnelle
溶け込む・とけこむ	se fondre dans, s'intégrer
溶ける・とける	fondre, se dissoudre
退ける・どける	écarter, ôter, déplacer
床の間・とこのま	tokonoma (alcôve décorative)
床屋・とこや	coiffeur (pour hommes), barbier
ところどころ	çà et là, par endroits
戸棚・とだな	placard, armoire
とっくに	depuis longtemps, déjà
整う・ととのう	être prêt, être en ordre, être réuni
とどまる	rester, demeurer, se limiter à
どなる	crier, hurler, engueuler
飛び込む・とびこむ	sauter dans, plonger, se jeter dans
跳ぶ・とぶ	sauter, bondir
留まる・とまる	se fixer, rester, s'arrêter
泊める・とめる	héberger, loger
ともかく	en tout cas, quoi qu'il en soit, de toute façon
捕える・とらえる	attraper, capturer, saisir
取り入れる・とりいれる	adopter, introduire, récolter
取り消す・とりけす	annuler, retirer
取り出す・とりだす	sortir, extraire
採る・とる	adopter, cueillir, recruter
捕る・とる	attraper, capturer
トレーニング	entraînement
丼・どんぶり	grand bol, donburi (bol de riz garni)
内科・ないか	médecine interne, médecine générale
ナイロン	nylon
治す・なおす	guérir, soigner
仲直り・なかなおり	réconciliation, se réconcilier
長引く・ながびく	traîner en longueur, se prolonger
中指・なかゆび	majeur (doigt)
仲良し・なかよし	ami intime, bons amis
慰める・なぐさめる	consoler, réconforter
亡くす・なくす	perdre (un proche)
なぐる	frapper, cogner
なす	accomplir, faire, former
なぞなぞ	devinette
懐かしい・なつかしい	nostalgique, qui rappelle de bons souvenirs
撫でる・なでる	caresser
斜め・ななめ	en biais, oblique, de travers
なにしろ	en tout cas, de toute façon, vu que
何分・なにぶん	quelque peu, en tout cas, je vous en prie
生意気・なまいき	insolent, effronté, prétentieux
並木・なみき	arbres d'alignement, allée d'arbres
ならう	imiter, suivre l'exemple
鳴らす・ならす	faire sonner, sonner
南極・なんきょく	pôle Sud, Antarctique
なんとなく	sans trop savoir pourquoi, vaguement
なんとも	vraiment, (rien) du tout, (pas) du tout
ナンバー	numéro, plaque d'immatriculation
煮える・にえる	cuire, bouillir
匂う・におう	sentir, sentir bon, embaumer
逃がす・にがす	laisser s'échapper, relâcher, rater
憎む・にくむ	haïr, détester
憎らしい・にくらしい	haïssable, détestable, odieux
濁る・にごる	se troubler, devenir trouble, se voiser
虹・にじ	arc-en-ciel
日時・にちじ	date et heure
日用品・にちようひん	produits de première nécessité, articles du quotidien
日課・にっか	routine, tâche quotidienne
鈍い・にぶい	émoussé, lent, obtus
女房・にょうぼう	épouse, ma femme
にらむ	fusiller du regard, surveiller, soupçonner
煮る・にる	faire cuire (à l'eau), mijoter
にわか	soudain, subit, improvisé
縫う・ぬう	coudre
濡らす・ぬらす	mouiller, tremper
ネックレス	collier
熱する・ねっする	chauffer, s'échauffer
寝間着・ねまき	pyjama, chemise de nuit
寝巻・ねまき	pyjama, chemise de nuit
狙う・ねらう	viser, avoir en vue
能率・のうりつ	efficacité, rendement
のこぎり	scie
残らず・のこらず	tout, sans exception, entièrement
載せる・のせる	poser sur, charger, publier
覗く・のぞく	jeter un coup d'œil, épier, regarder par
延ばす・のばす	prolonger, allonger, reporter
延びる・のびる	être prolongé, s'allonger, être reporté
上り・のぼり	montée, vers la capitale (train)
上る・のぼる	monter, s'élever
糊・のり	colle, amidon
乗り換え・のりかえ	correspondance, changement (de train)
載る・のる	paraître (dans), être publié, être posé sur
のろい	lent, lambin
のろのろ	lentement, en traînant
のんき	insouciant, nonchalant, décontracté
灰色・はいいろ	gris
売店・ばいてん	kiosque, stand, boutique
這う・はう	ramper, marcher à quatre pattes
生える・はえる	pousser, percer (dents)
はがす	décoller, arracher, détacher
ばからしい	absurde, ridicule
秤・はかり	balance, bascule
量る・はかる	peser, mesurer (un volume)
測る・はかる	mesurer
掃く・はく	balayer
歯車・はぐるま	engrenage, roue dentée
バケツ	seau
挟む・はさむ	pincer, coincer, insérer entre
はしご	échelle, faire la tournée (des bars)
始めに・はじめに	pour commencer, tout d'abord
初めに・はじめに	d'abord, en premier lieu, pour commencer
外れる・はずれる	se détacher, être à côté, rater
パターン	motif, modèle, schéma
肌着・はだぎ	sous-vêtement, maillot de corps
鉢・はち	bol, pot (de fleurs)
発揮・はっき	déployer, faire preuve de, montrer (son talent)
バック	arrière, dos, marche arrière
発射・はっしゃ	tir, lancement
派手・はで	voyant, tape-à-l'œil, extravagant
話し掛ける・はなしかける	adresser la parole, aborder
甚だしい・はなはだしい	extrême, excessif
花火・はなび	feu d'artifice
花嫁・はなよめ	mariée
放れる・はなれる	se détacher, être libéré
羽根・はね	plume, aile, volant
ばね	ressort
跳ねる・はねる	sauter, bondir, éclabousser
破片・はへん	fragment, éclat, débris
歯磨き・はみがき	brossage des dents, dentifrice
はめる	insérer, enfiler, mettre (gants, bague)
早口・はやくち	débit rapide, parler vite
流行る・はやる	être à la mode, se répandre, prospérer
払い込む・はらいこむ	verser, payer
払い戻す・はらいもどす	rembourser
バランス	équilibre
針金・はりがね	fil de fer
張り切る・はりきる	être plein d'entrain, être motivé
反映・はんえい	reflet, refléter
半径・はんけい	rayon
はんこ	sceau, tampon
万歳・ばんざい	hourra, banzaï, vive
番地・ばんち	numéro (d'adresse), adresse
パンツ	slip, culotte, pantalon
ハンドル	volant, guidon, poignée
日当たり・ひあたり	ensoleillement, exposition au soleil
日帰り・ひがえり	aller-retour dans la journée, excursion d'un jour
比較的・ひかくてき	relativement, comparativement
日陰・ひかげ	ombre
ぴかぴか	étincelant, brillant
引き受ける・ひきうける	se charger de, accepter, assumer
引き返す・ひきかえす	faire demi-tour, revenir sur ses pas
引き算・ひきざん	soustraction
引き止める・ひきとめる	retenir, arrêter
卑怯・ひきょう	lâche, lâcheté, déloyal
引分け・ひきわけ	match nul, égalité
陽射し・ひざし	rayons du soleil, ensoleillement
肘・ひじ	coude
ピストル	pistolet
ビタミン	vitamine
引っ掛かる・ひっかかる	s'accrocher, se prendre dans, se faire avoir
筆記・ひっき	prise de notes, écrit
引っ越し・ひっこし	déménagement
引っ込む・ひっこむ	se retirer, rentrer, s'enfoncer
筆者・ひっしゃ	auteur (d'un texte)
必需品・ひつじゅひん	produit de première nécessité, indispensable
人差し指・ひとさしゆび	index (doigt)
一通り・ひととおり	dans les grandes lignes, en gros, tout
人通り・ひとどおり	passage (de piétons), affluence
ひとまず	pour le moment, provisoirement
瞳・ひとみ	pupille, prunelle
一休み・ひとやすみ	petite pause
独り言・ひとりごと	parler tout seul, monologue
ひとりでに	tout seul, de lui-même
ビニール	vinyle, plastique
皮肉・ひにく	ironie, sarcasme
日にち・ひにち	date, nombre de jours
ひねる	tordre, tourner, se creuser (la tête)
日の入り・ひのいり	coucher du soleil
日の出・ひので	lever du soleil
響き・ひびき	résonance, écho, son
響く・ひびく	résonner, retentir, se répercuter
皮膚・ひふ	peau
冷やす・ひやす	refroidir, rafraîchir, mettre au frais
ひゃっかじてん	encyclopédie
美容・びよう	beauté, soins esthétiques
表紙・ひょうし	couverture (d'un livre)
標識・ひょうしき	panneau, signalisation, marque
標本・ひょうほん	spécimen, échantillon
評論・ひょうろん	critique, commentaire
ひらがな	hiragana
昼寝・ひるね	sieste
広さ・ひろさ	superficie, étendue, largeur
広める・ひろめる	répandre, propager, élargir
ピンク	rose
便箋・びんせん	papier à lettres
瓶詰・びんづめ	en bocal, en bouteille, mise en bouteille
ファスナー	fermeture éclair
風船・ふうせん	ballon (de baudruche)
不運・ふうん	malchance, infortune
殖える・ふえる	se multiplier, augmenter
深まる・ふかまる	s'approfondir, s'intensifier
不規則・ふきそく	irrégulier
拭く・ふく	essuyer
副詞・ふくし	adverbe
複写・ふくしゃ	copie, photocopie
含める・ふくめる	inclure, comprendre
膨らむ・ふくらむ	gonfler, enfler
不潔・ふけつ	sale, malpropre
更ける・ふける	s'avancer (nuit, saison)
符号・ふごう	signe, symbole, code
ふさがる	être bouché, être occupé, être fermé
塞ぐ・ふさぐ	boucher, obstruer, bloquer
ふざける	plaisanter, faire l'idiot, chahuter
武士・ぶし	samouraï, guerrier
襖・ふすま	fusuma (cloison coulissante)
蓋・ふた	couvercle, bouchon
不通・ふつう	interruption, coupure (du trafic)
ぶつかる	heurter, se cogner, entrer en collision
ぶつける	cogner, lancer contre, heurter
物騒・ぶっそう	dangereux, peu sûr
ぶつぶつ	marmonner, ronchonner, boutons
船便・ふなびん	courrier par bateau
吹雪・ふぶき	tempête de neige, blizzard
踏切・ふみきり	passage à niveau
麓・ふもと	pied (d'une montagne)
増やす・ふやす	augmenter, accroître
フライパン	poêle (à frire)
ブラウス	chemisier
ぶらさげる	suspendre, porter à la main, pendre
ブラシ	brosse
プラスチック	plastique
プラットホーム	quai (de gare)
ふりがな	furigana (lecture en petits kanas)
プリント	polycopié, impression, imprimé
振る舞う・ふるまう	se comporter, agir, régaler
プログラム	programme
風呂敷・ふろしき	furoshiki (étoffe d'emballage)
分解・ぶんかい	démontage, décomposition
文献・ぶんけん	documentation, littérature, sources
噴水・ふんすい	fontaine, jet d'eau
分数・ぶんすう	fraction
文体・ぶんたい	style (d'écriture)
分布・ぶんぷ	répartition, distribution
文房具・ぶんぼうぐ	fournitures de bureau, papeterie
文脈・ぶんみゃく	contexte
分量・ぶんりょう	quantité, dose
分類・ぶんるい	classification, classement
閉会・へいかい	clôture (d'une séance)
平気・へいき	calme, indifférent, ça ne fait rien
並行・へいこう	parallèle, en même temps
平日・へいじつ	jour de semaine, jour ouvrable
兵隊・へいたい	soldat
平凡・へいぼん	banal, ordinaire, médiocre
平野・へいや	plaine
凹む・へこむ	se creuser, être cabossé, être déprimé
へそ	nombril
隔てる・へだてる	séparer, éloigner
別荘・べっそう	résidence secondaire, villa
別々・べつべつ	séparément, chacun de son côté
ベテラン	vétéran, expérimenté
ヘリコプター	hélicoptère
便所・べんじょ	toilettes, cabinets
ペンチ	pince
望遠鏡・ぼうえんきょう	télescope, longue-vue
方角・ほうがく	direction, orientation
ほうき	balai
方言・ほうげん	dialecte, patois
坊さん・ぼうさん	bonze, moine bouddhiste
包装・ほうそう	emballage, empaquetage
法則・ほうそく	loi, règle
包帯・ほうたい	bandage, pansement
包丁・ほうちょう	couteau de cuisine
方程式・ほうていしき	équation
ボーナス	prime, bonus
朗らか・ほがらか	gai, joyeux, enjoué
牧場・ぼくじょう	pâturage, ranch, ferme d'élevage
牧畜・ぼくちく	élevage
干す・ほす	faire sécher, étendre (le linge), vider
ポスター	affiche, poster
北極・ほっきょく	pôle Nord, Arctique
坊っちゃん・ぼっちゃん	fils (d'autrui), jeune homme, fils à papa
ほどく	dénouer, défaire
掘る・ほる	creuser, fouiller
彫る・ほる	sculpter, graver
盆・ぼん	plateau, fête des morts (O-Bon)
盆地・ぼんち	bassin, cuvette
まあまあ	comme ci comme ça, pas mal, allons allons
枚数・まいすう	nombre (de feuilles, d'objets plats)
毎度・まいど	chaque fois, merci de votre fidélité
マイナス	moins, négatif
巻く・まく	enrouler, rouler, remonter
まく	semer, répandre, arroser
枕・まくら	oreiller
曲げる・まげる	plier, courber, tordre
まごまご	désemparé, ne pas savoir quoi faire
混ざる・まざる	se mélanger, être mêlé
交ざる・まざる	se mêler, être mélangé
混じる・まじる	se mélanger, être mêlé
交じる・まじる	se mêler, se joindre à
マスク	masque
混ぜる・まぜる	mélanger, remuer
交ぜる・まぜる	mélanger, mêler
またぐ	enjamber
待合室・まちあいしつ	salle d'attente
待ち合わせる・まちあわせる	se donner rendez-vous, se retrouver
街角・まちかど	coin de rue
真っ暗・まっくら	noir complet, obscurité totale
真っ黒・まっくろ	tout noir, noir de jais
真っ青・まっさお	bleu profond, livide, blême
真っ先・まっさき	en premier, tout d'abord, en tête
真っ白・まっしろ	tout blanc, blanc immaculé
祭る・まつる	vénérer, honorer, consacrer
まとまる	se rassembler, être réglé, prendre forme
まとめる	rassembler, résumer, conclure
真似る・まねる	imiter, copier
まぶしい	éblouissant, aveuglant
まぶた	paupière
マフラー	écharpe, pot d'échappement
マラソン	marathon
まれ	rare
回り道・まわりみち	détour
満員・まんいん	complet, bondé
マンション	appartement, immeuble (d'habitation)
満点・まんてん	note maximale, sans-faute
見送る・みおくる	raccompagner, dire au revoir, laisser passer
見下ろす・みおろす	regarder d'en haut, surplomber, mépriser
三日月・みかづき	croissant de lune
岬・みさき	cap
みじめ	misérable, pitoyable
ミシン	machine à coudre
見出し・みだし	titre, intitulé, entrée (de dictionnaire)
道順・みちじゅん	itinéraire, chemin
見付ける・みつける	trouver, découvrir
みっともない	honteux, indécent, pas beau à voir
見直す・みなおす	revoir, réexaminer, réviser son jugement
醜い・みにくい	laid, affreux
実る・みのる	porter ses fruits, mûrir
身分・みぶん	statut social, rang, identité
見本・みほん	échantillon, modèle
見舞う・みまう	rendre visite (à un malade), frapper (malheur)
名字・みょうじ	nom de famille
ミリ	milli-, millimètre
診る・みる	examiner (un patient), ausculter
民謡・みんよう	chanson populaire, chant folklorique
むく	éplucher, peler
無限・むげん	infini, illimité
無地・むじ	uni, sans motif
蒸し暑い・むしあつい	lourd, chaud et humide
蒸す・むす	cuire à la vapeur, faire lourd
無数・むすう	innombrable
紫・むらさき	violet, pourpre
群れ・むれ	groupe, foule, troupeau
姪・めい	nièce
名作・めいさく	chef-d'œuvre
名刺・めいし	carte de visite
名詞・めいし	nom (grammaire), substantif
名所・めいしょ	site célèbre, lieu touristique
命ずる・めいずる	ordonner, nommer
迷信・めいしん	superstition
名物・めいぶつ	spécialité (locale), produit célèbre
めいめい	chacun, individuel
目上・めうえ	supérieur, aîné
メーター	compteur
恵まれる・めぐまれる	être favorisé, avoir la chance d'avoir
巡る・めぐる	faire le tour, tourner autour, revenir
目指す・めざす	viser, ambitionner, se diriger vers
目覚まし・めざまし	réveil (réveille-matin)
目下・めした	inférieur, subordonné, cadet
目印・めじるし	repère, signe, marque
目立つ・めだつ	se faire remarquer, ressortir
めちゃくちゃ	n'importe quoi, en désordre, extrêmement
めっきり	nettement, sensiblement
めでたい	heureux, de bon augure
メニュー	menu
めまい	vertige, étourdissement
目安・めやす	repère, critère, ordre d'idée
免税・めんぜい	exonération fiscale, détaxe, hors taxes
めんどうくさい	pénible, ennuyeux, flemme
儲かる・もうかる	être rentable, rapporter
儲ける・もうける	gagner (de l'argent), faire du profit
申し訳ない・もうしわけない	inexcusable, je suis vraiment désolé
モーター	moteur
目次・もくじ	table des matières
もしかしたら	peut-être, par hasard
もしかすると	peut-être, il se peut que
もたれる	s'appuyer, s'adosser, peser sur l'estomac
モダン	moderne
餅・もち	mochi (gâteau de riz)
もったいない	quel gâchis, trop bien pour, dommage
モデル	modèle, mannequin
もともと	à l'origine, de nature, depuis le début
物置・ものおき	débarras, remise
物語る・ものがたる	raconter, témoigner de
物差し・ものさし	règle, mesure, critère
ものすごい	terrible, incroyable, énorme
紅葉・もみじ	érable (japonais), feuilles rouges d'automne
もむ	masser, frotter, froisser
燃やす・もやす	brûler, faire brûler
催し・もよおし	manifestation, évènement, fête
盛る・もる	servir (dans un plat), entasser, remplir
問答・もんどう	questions-réponses, dialogue
やかましい	bruyant, sévère, pointilleux
やかん	bouilloire
訳す・やくす	traduire
役人・やくにん	fonctionnaire
薬品・やくひん	produit chimique, médicament
役目・やくめ	rôle, devoir, fonction
やけど	brûlure, se brûler
矢印・やじるし	flèche (signe)
やたら	sans réfléchir, à tort et à travers, excessivement
薬局・やっきょく	pharmacie
家主・やぬし	propriétaire (d'un logement)
破れる・やぶれる	se déchirer, être déchiré
軟らかい・やわらかい	mou, tendre, souple
遊園地・ゆうえんち	parc d'attractions
夕刊・ゆうかん	journal du soir
郵送・ゆうそう	envoi par la poste
夕立・ゆうだち	averse (de fin d'après-midi)
夕日・ゆうひ	soleil couchant
悠々・ゆうゆう	tranquillement, sans se presser, largement
浴衣・ゆかた	yukata (kimono d'été)
湯気・ゆげ	vapeur, buée
油断・ゆだん	inattention, négligence, relâchement
ゆでる	faire bouillir, cuire à l'eau
湯飲み・ゆのみ	tasse à thé
緩い・ゆるい	lâche, desserré, indulgent
溶岩・ようがん	lave
容積・ようせき	volume, capacité
幼稚・ようち	puéril, enfantin
用途・ようと	usage, utilisation
羊毛・ようもう	laine (de mouton)
ようやく	enfin, finalement, à peine
要領・ようりょう	l'essentiel, savoir-faire, astuce
欲張り・よくばり	avide, cupide, gourmand
余計・よけい	superflu, en trop, inutile
よこす	envoyer, donner (vers moi)
汚す・よごす	salir, souiller
寄せる・よせる	rapprocher, rassembler, envoyer
よそ	ailleurs, autre endroit, étranger
四つ角・よつかど	carrefour
酔っ払い・よっぱらい	ivrogne, homme ivre
呼び掛ける・よびかける	interpeller, appeler à, lancer un appel
呼び出す・よびだす	convoquer, appeler
蘇る・よみがえる	ressusciter, revivre, revenir (souvenir)
落第・らくだい	échec (à un examen), redoublement
ラッシュアワー	heure de pointe
ランチ	déjeuner, menu du midi
ランニング	course à pied, débardeur
乱暴・らんぼう	brutal, violent, brutalité
理科・りか	sciences (matière scolaire)
利害・りがい	intérêts, avantages et inconvénients
リズム	rythme
リットル	litre
リボン	ruban
略す・りゃくす	abréger, omettre
両側・りょうがわ	les deux côtés
漁師・りょうし	pêcheur
領収・りょうしゅう	réception (d'un paiement), reçu
留守番・るすばん	garder la maison (en l'absence des autres)
冷凍・れいとう	congélation, surgelé
レインコート	imperméable
レクリェーション	loisirs, récréation
レジャー	loisirs
レベル	niveau
れんが	brique
レンズ	lentille, objectif
ろうそく	bougie
ローマじ	rōmaji, alphabet latin
録音・ろくおん	enregistrement (sonore)
ロッカー	casier, consigne
ロビー	hall, vestibule
論ずる・ろんずる	discuter, traiter de, argumenter
和英・わえい	japonais-anglais
分かれる・わかれる	se diviser, se séparer, bifurquer
若々しい・わかわかしい	juvénile, plein de jeunesse
湧く・わく	jaillir, sourdre, bouillir
詫びる・わびる	s'excuser, présenter ses excuses
和服・わふく	vêtement japonais, kimono
わりあいに	relativement, comparativement
割り算・わりざん	division (maths)
割引・わりびき	réduction, remise
椀・わん	bol (en bois)
ワンピース	robe (d'une pièce)
功績・こうせき	mérite, accomplissement, contribution
学級・がっきゅう	classe (scolaire)
蒸気・じょうき	vapeur
初旬・しょじゅん	début du mois (dix premiers jours)
炭鉱・たんこう	mine de charbon
内線・ないせん	poste (téléphonique), ligne intérieure
流域・りゅういき	bassin (d'un fleuve)
混合・こんごう	mélange
貯蔵・ちょぞう	stockage, conservation
防犯・ぼうはん	prévention de la criminalité, antivol
短編・たんぺん	nouvelle, court métrage
開通・かいつう	ouverture (à la circulation), mise en service
大木・たいぼく	grand arbre
地下水・ちかすい	eau souterraine, nappe phréatique
伝記・でんき	biographie
輸血・ゆけつ	transfusion sanguine
歌謡・かよう	chanson, chant populaire
人命・じんめい	vie humaine
送料・そうりょう	frais de port, frais d'envoi
抽象・ちゅうしょう	abstraction, abstrait
転々・てんてん	de place en place, errer, passer de main en main
淡水・たんすい	eau douce
出迎える・でむかえる	aller accueillir, aller chercher
加熱・かねつ	chauffage, chauffer
交通機関・こうつうきかん	moyens de transport, transports
個体・こたい	individu (organisme)
集金・しゅうきん	encaissement, collecte d'argent
図鑑・ずかん	encyclopédie illustrée, guide illustré
吐き気・はきけ	nausée, envie de vomir
原産・げんさん	origine (d'une espèce, d'un produit), originaire de
工員・こういん	ouvrier (d'usine)
手ごろ・てごろ	abordable, pratique, raisonnable
膨らます・ふくらます	gonfler
食塩・しょくえん	sel de table
真空・しんくう	vide
領事・りょうじ	consul
いってらっしゃい	à tout à l'heure, bonne journée (à qui sort)
追い掛ける・おいかける	poursuivre, courir après
おかず	plat d'accompagnement (du riz)
おさきに	avant vous, je vous précède
おじゃまします	excusez-moi de vous déranger (en entrant)
おだいじに	prenez soin de vous, bon rétablissement
お出かけ・おでかけ	sortie, être sur le point de sortir
おねがいします	s'il vous plaît
おまたせしました	désolé de vous avoir fait attendre
思いっきり・おもいっきり	de toutes ses forces, à fond, à cœur joie
女の人・おんなのひと	femme
関東・かんとう	Kantô (région de Tokyo)
斬る・きる	trancher, pourfendre (au sabre)
合流・ごうりゅう	confluence, jonction, rejoindre
ごらん	regarde, voyez
しみじみ	profondément, intensément
じゃんけん	pierre-feuille-ciseaux
しょうがない	on n'y peut rien, tant pis
ずらり	en rangée, alignés
せっせと	assidûment, avec ardeur
そういえば	à propos, maintenant que j'y pense
田ぼ・たんぼ	rizière
楕円・だえん	ellipse, ovale
どく	s'écarter, se pousser, laisser la place
どっと	d'un coup, en masse, aux éclats
にこにこ	en souriant, tout sourire
はじめまして	enchanté
引っ繰り返る・ひっくりかえる	se renverser, basculer, être retourné
広々・ひろびろ	spacieux, vaste
ふわふわ	moelleux, léger, flotter
見掛け・みかけ	apparence, aspect
夜行・やこう	train de nuit, nocturne
やむをえない	inévitable, on n'a pas le choix
割と・わりと	relativement, plutôt
酒場・さかば	bar, taverne
栓・せん	bouchon, robinet
近々・ちかぢか	prochainement, bientôt
貸家・かしや	maison à louer
専制・せんせい	despotisme, autocratie
加速度・かそくど	accélération (physique)
請う・こう	demander, solliciter
耕地・こうち	terre arable, terre cultivée
針路・しんろ	cap, route
見慣れる・みなれる	être habitué à voir, être familier
特長・とくちょう	point fort, particularité
習字・しゅうじ	calligraphie, écriture
正味・しょうみ	net (poids, contenu), effectif
坊や・ぼうや	petit garçon, mon petit
あくまで	jusqu'au bout, obstinément, absolument
言いつける・いいつける	ordonner, rapporter (à quelqu'un), cafarder
煎る・いる	griller, torréfier
炒る・いる	griller, faire revenir, torréfier
悔やむ・くやむ	regretter, déplorer, pleurer (un mort)
くわえる	tenir dans la bouche
激増・げきぞう	forte augmentation, explosion
焦がす・こがす	brûler, roussir
言付ける・ことづける	transmettre un message, confier
逆さま・さかさま	à l'envers, sens dessus dessous
主語・しゅご	sujet (grammaire)
速力・そくりょく	vitesse
足袋・たび	tabi (chaussettes japonaises)
通り掛かる・とおりかかる	passer par hasard
憎い・にくい	haïssable, détestable
ねじ	vis
ねじる	tordre, visser
挟まる・はさまる	être coincé, se coincer
部首・ぶしゅ	clé (d'un kanji), radical
やっつける	battre, vaincre, régler son compte
零点・れいてん	zéro (note)
同格・どうかく	même rang, apposition
養分・ようぶん	nutriment, substance nutritive
直流・ちょくりゅう	courant continu
話し中・はなしちゅう	occupé (ligne), en communication
アイディア	idée
イコール	égal
ウーマン	femme
エプロン	tablier
オイル	huile, pétrole
ガム	chewing-gum
ギャング	gang, gangster
コーラス	chœur, chorale
コレクション	collection
サンプル	échantillon
仕上がる・しあがる	être achevé, être fini
ショップ	boutique
スカーフ	foulard
ストッキング	bas, collants
ゼミ	séminaire
チップ	pourboire, puce
テニスコート	court (de tennis)
何々・なになに	tel et tel, quoi donc ?
バンド	groupe (de musique), ceinture, bande
ビルディング	immeuble, bâtiment
フリー	libre, gratuit, indépendant
ブローチ	broche
モノレール	monorail
揚げる・あげる	frire, faire frire
挙げる・あげる	citer, donner (un exemple), lever
あぶる	griller, rôtir
佚・いつ	perdu, oisiveté
いってまいります	j'y vais, à tout à l'heure
ウエートレス	serveuse
羨む・うらやむ	envier
うんと	beaucoup, énormément
ええと	euh, voyons
オーバーコート	pardessus
おおよそ	environ, à peu près
おかけください	asseyez-vous, je vous en prie
おきのどくに	je suis désolé pour vous, c'est bien dommage
元気でね・げんきでね	porte-toi bien, prends soin de toi
御手洗・みたらし	fontaine d'ablutions (sanctuaire)
おまちどおさま	désolé de vous avoir fait attendre
おめでたい	heureux évènement, de bon augure
火口・かこう	cratère
かじる	ronger, grignoter, croquer
下線・かせん	soulignement
かたかな	katakana
かるた	karuta (jeu de cartes)
寒帯・かんたい	zone polaire, zone froide
酌む・くむ	servir (le saké), tenir compte de
形容動詞・けいようどうし	adjectif en -na
こうして	ainsi, de cette façon
こちらこそ	c'est moi qui vous remercie, moi de même
こないだ	l'autre jour, récemment
こらえる	endurer, supporter, retenir
さきおととい	il y a trois jours
挿す・さす	insérer, planter, piquer
しいん	silence de mort
しゃぶる	sucer, suçoter
述語・じゅつご	prédicat
順々・じゅんじゅん	tour à tour, dans l'ordre
ずうっと	tout le temps, beaucoup plus
すれちがう	se croiser, ne pas se comprendre
先々月・せんせんげつ	il y a deux mois
先々週・せんせんしゅう	il y a deux semaines
そうっと	doucement, discrètement, en douceur
そのころ	à cette époque, en ce temps-là, alors
そのため	c'est pourquoi, pour cette raison
それなのに	et pourtant, malgré cela
存ずる・ぞんずる	savoir, connaître, penser (humble)
タイア	pneu
ダイヤグラム	diagramme, horaire (des trains)
発つ・たつ	partir, quitter (un lieu)
茶色い・ちゃいろい	marron, brun
通ずる・つうずる	mener à, être relié, se comprendre
つなげる	relier, connecter, attacher
点々・てんてん	çà et là, goutte à goutte, pointillé
どうぞよろしく	enchanté, je compte sur vous
なだらか	en pente douce, doux, régulier
バイバイ	salut, au revoir
はきはき	clairement, avec netteté, vivement
斜・はす	diagonale, en biais
バツ	croix (marque d'erreur)
ぴたり	pile, exactement, net
引っ繰り返す・ひっくりかえす	renverser, retourner, bouleverser
無沙汰・ぶさた	silence (ne pas donner de nouvelles)
ぼろ	haillons, chiffon, défaut caché
店屋・みせや	magasin, boutique
潜る・もぐる	plonger, se glisser sous, se cacher
破く・やぶく	déchirer
洋品店・ようひんてん	magasin de vêtements (occidentaux)
碗・わん	bol

# ---------------------------------------------------------------- N1
意向・いこう	intention, souhait, inclination
一部・いちぶ	une partie, en partie, un exemplaire
動き・うごき	mouvement, évolution, tendance
大幅・おおはば	important, considérable, de grande ampleur
おす	mâle (animal)
改革・かいかく	réforme
会見・かいけん	conférence de presse, entrevue, audience
会談・かいだん	entretien, pourparlers, conférence
開発・かいはつ	développement, mise au point, exploitation
課題・かだい	problème à résoudre, tâche, sujet
株式・かぶしき	actions, société par actions
幹部・かんぶ	dirigeants, cadres
外相・がいしょう	ministre des Affaires étrangères
危機・きき	crise
機構・きこう	organisme, mécanisme, structure
規制・きせい	réglementation, restriction, contrôle
規模・きぼ	échelle, ampleur, taille
協会・きょうかい	association, société
協議・きょうぎ	concertation, délibération, négociation
協定・きょうてい	accord, convention
業者・ぎょうしゃ	commerçant, entreprise, prestataire
行政・ぎょうせい	administration (publique)
軍事・ぐんじ	affaires militaires, militaire
決議・けつぎ	résolution, décision (votée)
原則・げんそく	principe, règle générale
現地・げんち	sur place, local, sur le terrain
交渉・こうしょう	négociation, pourparlers
国連・こくれん	ONU, Nations unies
合意・ごうい	accord, consentement
削減・さくげん	réduction, coupe
財政・ざいせい	finances (publiques)
死・し	mort, décès
資金・しきん	fonds, capitaux
支持・しじ	soutien, appui
施設・しせつ	établissement, installations, équipement
首脳・しゅのう	dirigeant, chef (d'État), sommet
職員・しょくいん	personnel, employé
調べ・しらべ	enquête, examen, mélodie
審議・しんぎ	délibération, examen
事業・じぎょう	entreprise, activité, projet
地元・じもと	local, sa région, chez soi
従来・じゅうらい	jusqu'à présent, traditionnel, conventionnel
情勢・じょうせい	situation, conjoncture
条約・じょうやく	traité
推進・すいしん	promotion, propulsion, faire avancer
政権・せいけん	pouvoir politique, gouvernement
政策・せいさく	politique (mesures)
勢力・せいりょく	influence, puissance, force
選挙・せんきょ	élection
宣言・せんげん	déclaration, proclamation
総会・そうかい	assemblée générale
総合・そうごう	synthèse, global, intégré
捜査・そうさ	enquête (criminelle), investigation
措置・そち	mesure, disposition
対応・たいおう	réaction, prise en charge, correspondance
長官・ちょうかん	directeur (d'agence), secrétaire (gouvernement)
投資・とうし	investissement
取引・とりひき	transaction, affaire, commerce
内閣・ないかく	gouvernement, cabinet (ministériel)
背景・はいけい	arrière-plan, contexte, décor
派遣・はけん	envoi, détachement, intérim
初・はつ	premier, première fois
発言・はつげん	propos, déclaration, prise de parole
判決・はんけつ	jugement, verdict, sentence
不況・ふきょう	récession, crise économique
部門・ぶもん	secteur, département, catégorie
法案・ほうあん	projet de loi
報道・ほうどう	reportage, information, médias
保護・ほご	protection, garde
防衛・ぼうえい	défense
見方・みかた	point de vue, façon de voir
見通し・みとおし	perspectives, prévision, visibilité
民主・みんしゅ	démocratique, démocratie
民族・みんぞく	peuple, ethnie, nation
野党・やとう	parti d'opposition
融資・ゆうし	financement, prêt
与党・よとう	parti au pouvoir, majorité
領土・りょうど	territoire
連邦・れんぽう	fédération, fédéral
論議・ろんぎ	débat, discussion
赤字・あかじ	déficit, être dans le rouge
意欲・いよく	motivation, volonté, envie
運営・うんえい	gestion, administration, fonctionnement
映像・えいぞう	image, vidéo
恐れ・おそれ	crainte, peur, risque
開催・かいさい	tenue (d'un évènement), organisation
核・かく	noyau, nucléaire
確保・かくほ	assurer, garantir, s'assurer de
革命・かくめい	révolution
監視・かんし	surveillance
関税・かんぜい	droits de douane
官僚・かんりょう	bureaucrate, haut fonctionnaire
緩和・かんわ	assouplissement, atténuation, soulagement
企画・きかく	projet, planification
基金・ききん	fonds, fondation
緊急・きんきゅう	urgence, urgent
業務・ぎょうむ	travail, activité, opérations
疑惑・ぎわく	soupçon, doute
黒字・くろじ	excédent, bénéficiaire
決算・けっさん	bilan, clôture des comptes
決勝・けっしょう	finale
権力・けんりょく	pouvoir, autorité
現行・げんこう	actuel, en vigueur
行為・こうい	acte, action, comportement
公演・こうえん	représentation, spectacle
公開・こうかい	ouverture au public, publication, sortie
構想・こうそう	projet, conception, idée
購入・こうにゅう	achat, acquisition
国防・こくぼう	défense nationale
雇用・こよう	emploi, embauche
採用・さいよう	adoption, embauche, recrutement
作戦・さくせん	opération (militaire), stratégie, tactique
資産・しさん	patrimoine, biens, actifs
主催・しゅさい	organisation (d'un évènement), parrainage
取材・しゅざい	reportage, collecte d'informations
証人・しょうにん	témoin
勝利・しょうり	victoire
所得・しょとく	revenu
処分・しょぶん	élimination, sanction, se débarrasser de
審査・しんさ	examen, évaluation, jury
進出・しんしゅつ	implantation, percée, progression
新人・しんじん	nouveau venu, débutant, recrue
自己・じこ	soi, soi-même
自信・じしん	confiance en soi, assurance
実態・じったい	réalité, situation réelle
上昇・じょうしょう	hausse, montée, ascension
人民・じんみん	peuple
少なくとも・すくなくとも	au moins
成果・せいか	résultat, fruit (des efforts)
制裁・せいさい	sanction
正常・せいじょう	normal, normalité
声明・せいめい	déclaration, communiqué
世代・せだい	génération
設置・せっち	installation, mise en place, création
世論・せろん	opinion publique
戦闘・せんとう	combat, bataille
前提・ぜんてい	condition préalable, prémisse
訴訟・そしょう	procès, poursuites judiciaires
蔵相・ぞうしょう	ministre des Finances
体験・たいけん	expérience (vécue)
対話・たいわ	dialogue, conversation
治療・ちりょう	traitement (médical), soins
通常・つうじょう	normalement, ordinaire, habituel
転換・てんかん	conversion, changement, reconversion
問う・とう	demander, interroger, mettre en cause
統合・とうごう	intégration, unification, fusion
当選・とうせん	être élu, gagner (un concours)
取っ手・とって	poignée, anse
導入・どうにゅう	introduction, adoption, mise en place
同盟・どうめい	alliance, ligue
独自・どくじ	propre, original, indépendant
内部・ないぶ	intérieur, interne
認識・にんしき	reconnaissance, conscience, perception
年生・ねんせい	élève de n-ième année
柱・はしら	pilier, colonne, poteau
反発・はんぱつ	opposition, réaction (hostile), rebond
秘書・ひしょ	secrétaire (particulier)
比例・ひれい	proportion, proportionnel
美術・びじゅつ	beaux-arts, art
福祉・ふくし	aide sociale, bien-être
負担・ふたん	charge, fardeau, prise en charge
不動産・ふどうさん	immobilier, biens immobiliers
不明・ふめい	inconnu, incertain, obscur
紛争・ふんそう	conflit, différend
武装・ぶそう	armement, armé
武力・ぶりょく	force armée, force militaire
文書・ぶんしょ	document, écrit
崩壊・ほうかい	effondrement, écroulement
方式・ほうしき	méthode, système, formule
保険・ほけん	assurance
保守・ほしゅ	conservateur, maintenance
名誉・めいよ	honneur
有力・ゆうりょく	influent, puissant, sérieux (candidat)
要請・ようせい	demande, requête, appel
予想・よそう	prévision, pronostic, attente
連盟・れんめい	ligue, fédération
圧力・あつりょく	pression
争い・あらそい	dispute, conflit, querelle
一連・いちれん	série, suite
一気・いっき	d'un trait, d'un seul coup, cul sec
受け入れ・うけいれ	accueil, acceptation
運輸・うんゆ	transport
運用・うんよう	utilisation, gestion, mise en œuvre
演出・えんしゅつ	mise en scène, réalisation
応募・おうぼ	candidature, participation (à un concours)
解除・かいじょ	levée, annulation, résiliation
介入・かいにゅう	intervention, ingérence
格差・かくさ	écart, inégalité, disparité
活発・かっぱつ	actif, dynamique, vif
感染・かんせん	infection, contamination
合併・がっぺい	fusion, union
規定・きてい	règlement, disposition, stipuler
救援・きゅうえん	secours, aide, sauvetage
強制・きょうせい	contrainte, obligation, forcer
協調・きょうちょう	coopération, harmonie, concertation
共和・きょうわ	république, républicain
曲・きょく	morceau (de musique), air, chanson
拒否・きょひ	refus, rejet, veto
距離・きょり	distance
勤務・きんむ	service, travail
逆転・ぎゃくてん	renversement, retournement de situation
業績・ぎょうせき	résultats, réalisations, performances
警戒・けいかい	vigilance, mise en garde, alerte
経費・けいひ	frais, dépenses
結成・けっせい	formation, constitution
決意・けつい	résolution, détermination
決断・けつだん	décision, détermination
権限・けんげん	pouvoir, compétence, autorité
減少・げんしょう	diminution, baisse
原油・げんゆ	pétrole brut
向上・こうじょう	amélioration, progrès
好調・こうちょう	en forme, favorable, bon état
志・こころざし	aspiration, intention, volonté
国交・こっこう	relations diplomatiques
個別・こべつ	individuel, au cas par cas
災害・さいがい	catastrophe, sinistre
再建・さいけん	reconstruction, redressement
殺人・さつじん	meurtre, homicide
財源・ざいげん	ressources financières, financement
資格・しかく	qualification, diplôme, droit
指揮・しき	commandement, direction (d'orchestre)
仕組み・しくみ	mécanisme, structure, fonctionnement
収支・しゅうし	recettes et dépenses, budget
出演・しゅつえん	apparition (sur scène, à l'écran), participation
主導・しゅどう	initiative, direction
証言・しょうげん	témoignage
少数・しょうすう	petit nombre, minorité
進展・しんてん	progrès, avancée, évolution
軸・じく	axe, tige
自主・じしゅ	autonomie, indépendance, volontaire
事前・じぜん	préalable, à l'avance
実質・じっしつ	substance, réel, en fait
従業員・じゅうぎょういん	employé, salarié
塾・じゅく	cours du soir, cours privé, école de soutien
上位・じょうい	rang supérieur, haut du classement
制・せい	système, régime
正義・せいぎ	justice
設立・せつりつ	fondation, création, établissement
選考・せんこう	sélection
是正・ぜせい	correction, rectification
相場・そうば	cours, prix du marché, spéculation
促進・そくしん	promotion, accélération, encouragement
損失・そんしつ	perte
態勢・たいせい	dispositif, préparation, position
多様・たよう	divers, varié, diversité
単独・たんどく	seul, individuel, en solo
妥協・だきょう	compromis
打撃・だげき	coup, choc, frappe
秩序・ちつじょ	ordre (public), discipline
挑戦・ちょうせん	défi, tentative, challenge
提供・ていきょう	fourniture, offre, parrainage
登録・とうろく	inscription, enregistrement
得点・とくてん	points marqués, score, but
動向・どうこう	tendance, évolution, mouvements
同士・どうし	camarade, entre (personnes semblables), compagnon
何も・なにも	rien, (pas) du tout
日夜・にちや	jour et nuit, sans cesse
燃料・ねんりょう	combustible, carburant
脳・のう	cerveau
廃棄・はいき	mise au rebut, élimination, abrogation
廃止・はいし	abolition, suppression, abrogation
破壊・はかい	destruction
発生・はっせい	apparition, survenue, se produire
発足・はっそく	lancement, inauguration, création
反応・はんのう	réaction
賠償・ばいしょう	indemnisation, dédommagement, réparations
比率・ひりつ	proportion, ratio, taux
腐敗・ふはい	pourriture, décomposition, corruption
兵器・へいき	arme, armement
兵士・へいし	soldat
返還・へんかん	restitution, retour
保障・ほしょう	garantie, sécurité
補償・ほしょう	compensation, indemnisation
補助・ほじょ	aide, assistance, subvention
本格・ほんかく	véritable, authentique, sérieux
勝る・まさる	surpasser, être supérieur à
見込み・みこみ	perspective, espoir, prévision
優先・ゆうせん	priorité
要因・よういん	facteur, cause principale
預金・よきん	dépôt (bancaire), épargne
流通・りゅうつう	distribution, circulation
悪化・あっか	aggravation, détérioration
扱い・あつかい	traitement, maniement
怒り・いかり	colère
経緯・いきさつ	circonstances, déroulement, détails
移行・いこう	transition, passage
遺跡・いせき	vestiges, ruines, site archéologique
依然・いぜん	toujours, encore
一切・いっさい	tout, absolument (pas), entièrement
遅れ・おくれ	retard
回収・かいしゅう	récupération, collecte, rappel (de produits)
拡散・かくさん	diffusion, propagation, prolifération
獲得・かくとく	acquisition, obtention
確立・かくりつ	établissement, mise en place
加入・かにゅう	adhésion, inscription, souscription
勧告・かんこく	recommandation, conseil
救済・きゅうさい	secours, aide, salut
強硬・きょうこう	ferme, intransigeant, dur
共産・きょうさん	communisme, communiste
検事・けんじ	procureur
抗議・こうぎ	protestation, objection
工作・こうさく	travaux manuels, manœuvres, construction
公認・こうにん	reconnaissance officielle, agréé, officiel
効率・こうりつ	efficacité, rendement
試み・こころみ	essai, tentative
個性・こせい	personnalité, individualité
根拠・こんきょ	fondement, base, preuve
採決・さいけつ	vote, scrutin
再生・さいせい	lecture (vidéo), régénération, recyclage
細胞・さいぼう	cellule
先に・さきに	auparavant, d'abord, en premier
早急・さっきゅう	urgent, au plus vite
志向・しこう	orientation, intention, préférence
指示・しじ	instruction, indication, consigne
指摘・してき	remarque, faire remarquer, souligner
視点・してん	point de vue, perspective
司法・しほう	justice, judiciaire
収益・しゅうえき	bénéfice, recettes, revenus
主権・しゅけん	souveraineté
趣旨・しゅし	but, objet, sens
主体・しゅたい	sujet, élément principal, acteur
守備・しゅび	défense
手法・しゅほう	technique, méthode
症・しょう	maladie, syndrome
証拠・しょうこ	preuve
所属・しょぞく	appartenance, affiliation, être rattaché
振興・しんこう	promotion, encouragement
辞職・じしょく	démission
実・じつ	réalité, vérité, sincérité
実情・じつじょう	situation réelle, état des choses
充実・じゅうじつ	plénitude, richesse, épanouissement
柔軟・じゅうなん	souple, flexible
樹立・じゅりつ	établissement, fondation, record (établir)
人材・じんざい	personnes de talent, ressources humaines
制定・せいてい	promulgation, institution, adoption
設定・せってい	réglage, paramétrage, mise en place
説得・せっとく	persuasion, convaincre
戦術・せんじゅつ	tactique
専用・せんよう	usage exclusif, réservé à
占領・せんりょう	occupation (militaire), prise
素材・そざい	matériau, matière première, sujet
対決・たいけつ	confrontation, affrontement
対抗・たいこう	opposition, rivalité, concurrence
退職・たいしょく	départ à la retraite, démission
治安・ちあん	ordre public, sécurité
庁・ちょう	agence (gouvernementale), office
調印・ちょういん	signature (d'un traité)
著書・ちょしょ	ouvrage, livre (d'un auteur)
賃金・ちんぎん	salaire, rémunération
鉄鋼・てっこう	sidérurgie, fer et acier
統治・とうじ	gouvernement, règne, administrer
床・とこ	lit, couche
読者・どくしゃ	lecteur
悩み・なやみ	souci, tracas, problème
配分・はいぶん	répartition, distribution
配慮・はいりょ	considération, attention, égards
匹・ひき	(compteur des) petits animaux
日々・ひび	tous les jours, quotidien
不振・ふしん	marasme, stagnation, mauvaise passe
復活・ふっかつ	résurrection, renaissance, rétablissement
復興・ふっこう	reconstruction, relance, renaissance
物資・ぶっし	ressources, matériel, fournitures
分離・ぶんり	séparation, détachement
分裂・ぶんれつ	scission, division
返済・へんさい	remboursement
変動・へんどう	fluctuation, variation
法廷・ほうてい	tribunal, salle d'audience
本名・ほんみょう	vrai nom
冒頭・ぼうとう	début, ouverture
暴力・ぼうりょく	violence
源・みなもと	source, origine
名簿・めいぼ	liste (de noms), annuaire, registre
申し込み・もうしこみ	inscription, demande, candidature
要望・ようぼう	demande, souhait, revendication
抑制・よくせい	contrôle, maîtrise, freinage
横綱・よこづな	yokozuna (grand champion de sumo)
立法・りっぽう	législation, législatif
了承・りょうしょう	accord, consentement, compréhension
枠・わく	cadre, limite, quota
悪・あく	mal
字・あざ	lieu-dit, hameau
育成・いくせい	formation, élevage, développement
意図・いと	intention, dessein
訴え・うったえ	plainte, appel, requête
尾・お	queue
追い込む・おいこむ	acculer, pousser, mettre au pied du mur
介護・かいご	soins (aux personnes âgées), assistance
革新・かくしん	innovation, réforme
確定・かくてい	décision définitive, confirmation
加工・かこう	transformation, traitement, façonnage
看護・かんご	soins infirmiers
観点・かんてん	point de vue
関与・かんよ	implication, participation
軌道・きどう	orbite, trajectoire, voie
脚本・きゃくほん	scénario
犠牲・ぎせい	sacrifice, victime
偽造・ぎぞう	falsification, contrefaçon
経過・けいか	écoulement (du temps), évolution, déroulement
形成・けいせい	formation
形態・けいたい	forme, structure
劇団・げきだん	troupe de théâtre
元首・げんしゅ	chef d'État, souverain
原点・げんてん	point de départ, origine
原爆・げんばく	bombe atomique
抗争・こうそう	conflit, lutte
後退・こうたい	recul, retraite
公立・こうりつ	public (établissement)
国産・こくさん	production nationale, fabriqué dans le pays
詐欺・さぎ	escroquerie, fraude, arnaque
酸化・さんか	oxydation
在庫・ざいこ	stock, en stock
死刑・しけい	peine de mort
質疑・しつぎ	questions, interpellation
芝・しば	gazon, pelouse
視野・しや	champ de vision, horizon, perspective
収集・しゅうしゅう	collecte, collection
終日・しゅうじつ	toute la journée
主人公・しゅじんこう	héros, personnage principal
出産・しゅっさん	accouchement, naissance
主任・しゅにん	responsable, chef
衝撃・しょうげき	choc, impact
庶民・しょみん	gens ordinaires, peuple
申告・しんこく	déclaration (d'impôts, en douane)
真相・しんそう	vérité, fond de l'affaire
侵略・しんりゃく	invasion, agression
診療・しんりょう	consultation médicale, soins
事項・じこう	point, élément, question
譲歩・じょうほ	concession
世帯・せたい	foyer, ménage
接触・せっしょく	contact
攻め・せめ	attaque, offensive
繊維・せんい	fibre, textile
先行・せんこう	précéder, devancer, avant-première
捜索・そうさく	recherches, fouille
側面・そくめん	côté, aspect, flanc
大衆・たいしゅう	grand public, masses
体力・たいりょく	force physique, endurance
達成・たっせい	réalisation, accomplissement
短大・たんだい	université de cycle court
中継・ちゅうけい	retransmission, relais
直面・ちょくめん	faire face à, être confronté à
追及・ついきゅう	poursuite, mise en cause, enquête
定年・ていねん	âge de la retraite
展示・てんじ	exposition
展望・てんぼう	vue, perspective, panorama
倒産・とうさん	faillite
討論・とうろん	débat, discussion
なお	encore, en outre, à noter que
入賞・にゅうしょう	remporter un prix, être primé
任務・にんむ	mission, tâche, fonction
浜・はま	plage, rivage
判定・はんてい	jugement, décision, verdict
爆弾・ばくだん	bombe
避難・ひなん	évacuation, se réfugier
付属・ふぞく	rattaché, annexe, accessoire
不当・ふとう	injuste, abusif, illégitime
踏まえる・ふまえる	se fonder sur, tenir compte de
閉鎖・へいさ	fermeture
変革・へんかく	réforme, transformation, changement radical
弁護・べんご	défense (juridique), plaidoirie
保育・ほいく	garde d'enfants, puériculture
報酬・ほうしゅう	rémunération, récompense
本体・ほんたい	corps principal, unité principale, substance
本音・ほんね	vraies intentions, ce qu'on pense vraiment
理論・りろん	théorie
連日・れんじつ	tous les jours, jour après jour
論理・ろんり	logique
赤ちゃん・あかちゃん	bébé
当たり前・あたりまえ	naturel, évident, normal
依存・いそん	dépendance
一面・いちめん	un aspect, première page, toute la surface
移民・いみん	immigration, émigration, immigré
運賃・うんちん	tarif (de transport), prix du billet
衛生・えいせい	hygiène, salubrité
演習・えんしゅう	exercices, manœuvres, travaux dirigés
改定・かいてい	révision, modification
外貨・がいか	devises étrangères
街頭・がいとう	rue, dans la rue
兆し・きざし	signe, présage
気象・きしょう	météo, conditions atmosphériques
給食・きゅうしょく	repas scolaire, cantine
教員・きょういん	enseignant, corps enseignant
極端・きょくたん	extrême, extrémité
居住・きょじゅう	résidence, habitation
議題・ぎだい	ordre du jour, sujet de discussion
漁船・ぎょせん	bateau de pêche
刑・けい	peine, condamnation
契機・けいき	occasion, déclencheur, tournant
掲載・けいさい	publication, parution
携帯・けいたい	portable, téléphone portable, porter sur soi
権威・けんい	autorité, sommité
健全・けんぜん	sain, solide
原作・げんさく	œuvre originale
限定・げんてい	limité, restriction, édition limitée
工学・こうがく	ingénierie, génie
交付・こうふ	délivrance, remise, attribution
国土・こくど	territoire national
孤児・こじ	orphelin
古代・こだい	Antiquité, ancien
根本・こんぽん	fondement, racine, origine
栽培・さいばい	culture (de plantes)
参議院・さんぎいん	Chambre des conseillers, Sénat (japonais)
残高・ざんだか	solde (bancaire), reste
色彩・しきさい	couleur, coloris, teinte
施行・しぎょう	application, mise en vigueur, exécution
視察・しさつ	inspection, visite d'inspection
主演・しゅえん	rôle principal, jouer le premier rôle
出生・しゅっしょう	naissance
象徴・しょうちょう	symbole, symboliser
進路・しんろ	voie, orientation (scolaire), trajectoire
住・じゅう	logement, habitat
上空・じょうくう	ciel, au-dessus de, en altitude
上司・じょうし	supérieur (hiérarchique), patron
自立・じりつ	autonomie, indépendance
過ぎ・すぎ	passé (heure), après, trop
正当・せいとう	légitime, justifié, juste
節・せつ	paragraphe, section, période
戦力・せんりょく	forces, potentiel militaire, effectif
走行・そうこう	conduite, roulage, kilométrage
操縦・そうじゅう	pilotage, manœuvre, conduite
装備・そうび	équipement
創立・そうりつ	fondation, création
待遇・たいぐう	traitement, conditions (de travail), accueil
大胆・だいたん	audacieux, hardi
打開・だかい	débloquer, sortir de l'impasse
知的・ちてき	intellectuel
中立・ちゅうりつ	neutralité, neutre
調停・ちょうてい	médiation, conciliation, arbitrage
貯蓄・ちょちく	épargne, économies
追放・ついほう	exil, bannissement, expulsion
作り・つくり	fabrication, structure, façon
造り・つくり	construction, structure, constitution
提携・ていけい	partenariat, coopération, alliance
討議・とうぎ	débat, discussion
登校・とうこう	aller à l'école
特集・とくしゅう	dossier spécial, numéro spécial
突破・とっぱ	percée, franchir, dépasser
富・とみ	richesse, fortune
取り扱い・とりあつかい	maniement, traitement, utilisation
同意・どうい	accord, consentement, approbation
動機・どうき	motif, motivation, mobile
独裁・どくさい	dictature
独占・どくせん	monopole, monopoliser, exclusivité
土俵・どひょう	arène de sumo, terrain
何より・なにより	plus que tout, avant tout, le mieux
念・ねん	sentiment, idée, attention
肺・はい	poumon
敗戦・はいせん	défaite (militaire)
発・はつ	départ de, en provenance de
繁栄・はんえい	prospérité
控える・ひかえる	s'abstenir, modérer, attendre (en coulisse)
非難・ひなん	critique, reproche, blâme
票・ひょう	voix (vote), bulletin
福・ふく	bonheur, chance
複合・ふくごう	composé, complexe
不在・ふざい	absence
文・ふみ	lettre, écrit
不良・ふりょう	défectueux, mauvais, délinquant
法学・ほうがく	droit (discipline)
捕鯨・ほげい	chasse à la baleine
捕虜・ほりょ	prisonnier (de guerre)
本質・ほんしつ	essence, nature profonde
募金・ぼきん	collecte de fonds, quête
末期・まっき	phase terminale, fin, dernière période
未定・みてい	indéterminé, pas encore fixé
無線・むせん	sans fil, radio
名称・めいしょう	nom, appellation
矢・や	flèche
野生・やせい	sauvage
世・よ	monde, société, époque
余地・よち	marge, place, possibilité
相変わらず・あいかわらず	comme toujours, comme d'habitude
鮮やか・あざやか	vif, éclatant, brillant
値・あたい	valeur, prix
当たり・あたり	succès, coup réussi, par (personne)
暗殺・あんさつ	assassinat
衣装・いしょう	costume, tenue, vêtements
委託・いたく	confier, sous-traitance, dépôt-vente
至って・いたって	extrêmement, très
一律・いちりつ	uniforme, uniformément
受け止める・うけとめる	recevoir, accepter, prendre (avec sérieux)
潮・うしお	marée
内訳・うちわけ	détail, ventilation
運命・うんめい	destin, sort
英雄・えいゆう	héros
沿岸・えんがん	côte, littoral
襲う・おそう	attaquer, frapper (catastrophe)
下位・かい	rang inférieur, subordonné
階級・かいきゅう	classe (sociale), grade, rang
掲げる・かかげる	hisser, brandir, afficher
河川・かせん	cours d'eau, rivières
幹・かん	tronc
慣行・かんこう	pratique habituelle, usage, coutume
肝心・かんじん	essentiel, crucial, primordial
概念・がいねん	concept, notion
学芸・がくげい	arts et sciences, culture
記述・きじゅつ	description, rédaction
教訓・きょうくん	leçon, enseignement, morale
強烈・きょうれつ	intense, violent, puissant
近郊・きんこう	banlieue, environs
区間・くかん	section, tronçon, intervalle
軍備・ぐんび	armement
結束・けっそく	union, solidarité, cohésion
皇居・こうきょ	palais impérial
控除・こうじょ	déduction, abattement
公団・こうだん	organisme public, office public
個々・ここ	chacun, individuel, un à un
故人・こじん	le défunt, la défunte
固定・こてい	fixation, fixe
孤立・こりつ	isolement, isolé
採択・さいたく	adoption, sélection
再発・さいはつ	rechute, récidive, réapparition
作・さく	œuvre, récolte
真実・しんじつ	vérité, réalité
山岳・さんがく	montagnes, montagnard
使命・しめい	mission
集計・しゅうけい	total, comptage, dépouillement
昇進・しょうしん	promotion, avancement
植民地・しょくみんち	colonie
職務・しょくむ	fonctions, devoirs professionnels
進行・しんこう	progression, avancement, déroulement
実践・じっせん	pratique, mise en pratique
上演・じょうえん	représentation (théâtrale)
水田・すいでん	rizière (inondée)
青春・せいしゅん	jeunesse, adolescence
制約・せいやく	contrainte, restriction, limite
創刊・そうかん	premier numéro, lancement (d'une publication)
創造・そうぞう	création
騒動・そうどう	troubles, émeute, agitation
阻止・そし	empêcher, faire obstacle, enrayer
沿い・ぞい	le long de
短歌・たんか	tanka (poème de 31 syllabes)
短縮・たんしゅく	raccourcissement, réduction
炭素・たんそ	carbone
脱出・だっしゅつ	évasion, fuite
脱退・だったい	retrait, sortie (d'une organisation)
著・ちょ	ouvrage, écrit par
着・ちゃく	arrivée, arrivant à, (compteur des) vêtements
抽選・ちゅうせん	tirage au sort, loterie
手当・てあて	allocation, prime, soins
点検・てんけん	inspection, vérification, contrôle
天井・てんじょう	plafond
届・とどけ	déclaration, notification
同志・どうし	camarade, compagnon de lutte
土木・どぼく	travaux publics, génie civil
妊娠・にんしん	grossesse
農地・のうち	terres agricoles
背後・はいご	derrière, dans l'ombre, arrière
排除・はいじょ	exclusion, élimination
反響・はんきょう	écho, retentissement, réactions
反撃・はんげき	contre-attaque, riposte
久し振り・ひさしぶり	après longtemps, ça fait longtemps
人質・ひとじち	otage
貧困・ひんこん	pauvreté, misère
品質・ひんしつ	qualité
不可欠・ふかけつ	indispensable, essentiel
負債・ふさい	dette, passif
分担・ぶんたん	partage (des tâches), répartition
放射能・ほうしゃのう	radioactivité
ほんの	seulement, simple, à peine
妨害・ぼうがい	obstruction, entrave, perturbation
暴動・ぼうどう	émeute, soulèvement
向き・むき	direction, orientation, adapté à
無効・むこう	invalide, nul, sans effet
持ち・もち	durée, tenue, à la charge de
有機・ゆうき	organique, bio
用紙・ようし	formulaire, papier
養成・ようせい	formation
様相・ようそう	aspect, tournure
用品・ようひん	articles, fournitures
了解・りょうかい	compris, entendu, accord
連休・れんきゅう	jours fériés consécutifs, pont
連帯・れんたい	solidarité
技・わざ	technique, art, prise
愛想・あいそ	amabilité, affabilité
間柄・あいだがら	relation, liens
合間・あいま	intervalle, moment libre
あえて	oser, délibérément, se risquer à
仰ぐ・あおぐ	lever les yeux vers, respecter, solliciter
垢・あか	crasse, saleté
明かす・あかす	révéler, dévoiler, passer (la nuit)
上がり・あがり	montée, fin, revenu
呆れる・あきれる	être stupéfait, être consterné
あくる	suivant, le lendemain
憧れ・あこがれ	aspiration, rêve, admiration
顎・あご	menton, mâchoire
麻・あさ	chanvre, lin
欺く・あざむく	tromper, duper
焦る・あせる	s'impatienter, être pressé, paniquer
値する・あたいする	mériter, valoir
悪口・あっこう	insulte, médisance
あっさり	simplement, facilement, léger (goût)
圧迫・あっぱく	pression, oppression
当て・あて	but, espoir, attente
宛・あて	adressé à
当てはめる・あてはめる	appliquer, adapter
後回し・あとまわし	remettre à plus tard, reporter
油絵・あぶらえ	peinture à l'huile
あべこべ	à l'envers, inverse, contraire
甘える・あまえる	se faire dorloter, profiter de la gentillesse
雨具・あまぐ	équipement de pluie
網・あみ	filet, réseau
操る・あやつる	manipuler, manier, piloter
あやふや	vague, incertain, flou
過ち・あやまち	faute, erreur
誤る・あやまる	se tromper, commettre une erreur
歩む・あゆむ	marcher, avancer, suivre (un chemin)
あらかじめ	à l'avance, au préalable
荒らす・あらす	ravager, dévaster, saccager
改まる・あらたまる	être renouvelé, changer, être solennel
荒っぽい・あらっぽい	brutal, rude, violent
現われ・あらわれ	manifestation, signe
現われる・あらわれる	apparaître, se manifester
有様・ありさま	état, situation, spectacle
ありのまま	tel quel, tel qu'il est, franchement
合わす・あわす	joindre, assembler, ajuster
慌ただしい・あわただしい	précipité, agité, mouvementé
慌てる・あわてる	s'affoler, se précipiter, paniquer
暗示・あんじ	suggestion, allusion, insinuation
安静・あんせい	repos (absolu)
案の定・あんのじょう	comme prévu, comme on pouvait s'y attendre
いい加減・いいかげん	négligent, approximatif, n'importe comment
言い訳・いいわけ	excuse, prétexte
家出・いえで	fugue, quitter la maison
生かす・いかす	tirer parti de, mettre à profit, laisser vivre
いかに	comment, à quel point
いかにも	vraiment, en effet, typiquement
歪む・いがむ	se déformer, se tordre
粋・いき	chic, élégant, raffiné
行き違い・いきちがい	malentendu, se croiser sans se voir
意地・いじ	entêtement, amour-propre, caractère
移住・いじゅう	émigration, migration, s'installer
いじる	tripoter, toucher à, bricoler
異性・いせい	sexe opposé
痛む・いたむ	faire mal, souffrir, s'abîmer
痛める・いためる	blesser, faire mal, endommager
炒める・いためる	faire sauter, faire revenir
いたわる	prendre soin de, ménager, être attentionné
一概に・いちがいに	sans distinction, catégoriquement, globalement
著しい・いちじるしい	remarquable, considérable, notable
一同・いちどう	tous (les présents), l'ensemble
一部分・いちぶぶん	une partie
一様・いちよう	uniforme, égal, semblable
一括・いっかつ	en bloc, global, en une fois
一挙に・いっきょに	d'un seul coup, d'un coup
いっそ	plutôt, autant, carrément
一帯・いったい	toute la région, alentours
何時の間にか・いつのまにか	sans s'en rendre compte, à son insu
営む・いとなむ	exploiter, tenir (un commerce), mener (une vie)
異動・いどう	mutation, changement (de personnel)
祈り・いのり	prière
いびき	ronflement
今更・いまさら	maintenant (trop tard), à ce stade
卑しい・いやしい	bas, vil, vulgaire
いやらしい	désagréable, dégoûtant, lubrique
衣料・いりょう	habillement, vêtements
入る・いる	entrer (dans des expressions figées)
衣類・いるい	vêtements, habits
異論・いろん	objection, avis contraire
員・いん	membre, personnel
印鑑・いんかん	sceau, cachet
陰気・いんき	sombre, morose, lugubre
上下・うえした	haut et bas, à l'envers
受かる・うかる	réussir (un examen), être reçu
受け入れる・うけいれる	accepter, accueillir
受け継ぐ・うけつぐ	hériter, succéder, reprendre
受け付ける・うけつける	recevoir, accepter (une demande)
受け取り・うけとり	reçu, réception
受身・うけみ	passif, voix passive, défensive
埋まる・うずまる	être enterré, être rempli, être comble
嘘つき・うそつき	menteur
打ち合わせ・うちあわせ	réunion préparatoire, concertation
打ち合わせる・うちあわせる	se concerter, convenir de, entrechoquer
打ち消し・うちけし	négation, démenti
打ち込む・うちこむ	enfoncer, se consacrer à, saisir (au clavier)
うちわ	éventail (rond)
うっとうしい	pesant, maussade, agaçant
器・うつわ	récipient, contenant, envergure
雨天・うてん	temps pluvieux
腕前・うでまえ	habileté, savoir-faire, talent
促す・うながす	inciter, presser, stimuler
唸る・うなる	gémir, grogner, rugir
自惚れ・うぬぼれ	vanité, suffisance, prétention
生まれつき・うまれつき	de naissance, inné, par nature
産む・うむ	accoucher, mettre au monde, produire
梅干・うめぼし	umeboshi (prune salée)
裏返し・うらがえし	à l'envers, retourné
売り出す・うりだす	mettre en vente, lancer, se faire connaître
潤う・うるおう	s'humidifier, profiter de, prospérer
浮気・うわき	infidélité, volage, liaison
運送・うんそう	transport (de marchandises)
運搬・うんぱん	transport, acheminement
液・えき	liquide, solution
閲覧・えつらん	consultation, lecture
襟・えり	col, encolure
園・えん	jardin, parc
円滑・えんかつ	sans heurts, harmonieux, fluide
縁側・えんがわ	véranda (en bois), galerie
婉曲・えんきょく	indirect, euphémique, détourné
演じる・えんじる	jouer (un rôle), interpréter
演ずる・えんずる	jouer (un rôle), interpréter
沿線・えんせん	le long d'une voie ferrée
縁談・えんだん	proposition de mariage
遠方・えんぽう	lointain, contrée lointaine
円満・えんまん	harmonieux, paisible, à l'amiable
甥・おい	neveu
追い出す・おいだす	chasser, expulser, mettre dehors
老いる・おいる	vieillir
負う・おう	porter (sur le dos), assumer, devoir à
黄金・おうごん	or, doré
大方・おおかた	la plupart, en grande partie, probablement
大げさ・おおげさ	exagéré, grandiloquent
大ざっぱ・おおざっぱ	approximatif, grossier, sans soin
大水・おおみず	inondation, crue
公・おおやけ	public, officiel
犯す・おかす	commettre (un crime), violer (une loi)
侵す・おかす	envahir, empiéter, violer (un droit)
臆病・おくびょう	peureux, lâche, timide
遅らす・おくらす	retarder, différer
厳か・おごそか	solennel, majestueux, grave
おごる	offrir, régaler, être orgueilleux
収まる・おさまる	tenir dans, rentrer, s'apaiser
納まる・おさまる	être rangé, être réglé, s'installer
治まる・おさまる	se calmer, s'apaiser, être en paix
教え・おしえ	enseignement, doctrine, leçon
惜しむ・おしむ	regretter, épargner, chérir
お世辞・おせじ	flatterie, compliment
落ち込む・おちこむ	déprimer, avoir le moral à zéro, tomber dans
落ち着き・おちつき	calme, sang-froid, sérénité
落ち葉・おちば	feuilles mortes
御手洗・おてあらい	toilettes
訪れる・おとずれる	visiter, arriver (saison)
衰える・おとろえる	décliner, s'affaiblir
脅かす・おどかす	menacer, effrayer
脅す・おどす	menacer, intimider
驚き・おどろき	surprise, étonnement
おのずから	naturellement, de soi-même
おびただしい	énorme, considérable, innombrable
覚え・おぼえ	mémoire, souvenir, apprentissage
おまけ	cadeau, bonus, en prime
面・おも	visage, surface
思い付き・おもいつき	idée (soudaine), lubie
面白い・おもしろい	intéressant, amusant, drôle
趣・おもむき	charme, atmosphère, sens
重んじる・おもんじる	respecter, estimer, faire grand cas de
重んずる・おもんずる	respecter, estimer, faire grand cas de
お休み・おやすみ	bonne nuit, congé, repos
及び・および	et, ainsi que
及ぶ・およぶ	atteindre, s'étendre à, aller jusqu'à
檻・おり	cage
折り返す・おりかえす	replier, faire demi-tour, rappeler
織物・おりもの	tissu, étoffe
織る・おる	tisser
俺・おれ	moi, je (masculin familier)
愚か・おろか	stupide, bête, sot
おろそか	négligent, négligé
音色・ねいろ	timbre, sonorité
温和・おんわ	doux, modéré, tempéré
科・か	département, section, famille (biologie)
階・かい	étage
貝殻・かいがら	coquillage, coquille
海峡・かいきょう	détroit
開拓・かいたく	défrichement, colonisation, pionnier
街道・かいどう	grand-route, route
海抜・かいばつ	altitude (au-dessus du niveau de la mer)
解剖・かいぼう	dissection, autopsie
海流・かいりゅう	courant marin
改良・かいりょう	amélioration, perfectionnement
回路・かいろ	circuit (électrique)
顧みる・かえりみる	regarder en arrière, se soucier de
省みる・かえりみる	faire son examen de conscience, réfléchir sur soi
返る・かえる	revenir, retourner
顔付き・かおつき	physionomie, expression, traits
かかと	talon
書き取り・かきとり	dictée
書き取る・かきとる	noter, prendre en dictée
欠く・かく	manquer de, ébrécher
角・かく	angle, carré, fou (shôgi)
格・かく	rang, statut, cas (grammatical)
画・かく	trait (d'un kanji)
各種・かくしゅ	toutes sortes, divers
確信・かくしん	conviction, certitude
賭け・かけ	pari, mise
掛け・かけ	crédit, à crédit
駆け足・かけあし	pas de course, au pas de course
家計・かけい	budget familial, finances du ménage
駆ける・かける	courir, galoper
賭ける・かける	parier, miser, risquer
化合・かごう	combinaison chimique
箇所・かしょ	endroit, passage, point
かすか	faible, vague, à peine
かすむ	devenir brumeux, se troubler (vue)
火星・かせい	Mars
化石・かせき	fossile
化繊・かせん	fibre synthétique
過疎・かそ	dépeuplement, exode rural
片思い・かたおもい	amour à sens unique
気質・かたぎ	tempérament, caractère, esprit
傾ける・かたむける	incliner, pencher, prêter (l'oreille)
固める・かためる	durcir, consolider, renforcer
偏る・かたよる	être partial, pencher d'un côté, être déséquilibré
花壇・かだん	parterre de fleurs
家畜・かちく	bétail, animaux domestiques
かつて	autrefois, jadis, jamais
叶う・かなう	se réaliser, s'accomplir
叶える・かなえる	exaucer, réaliser (un vœu)
金槌・かなづち	marteau, qui ne sait pas nager
かねて	auparavant, depuis longtemps
貨幣・かへい	monnaie, pièce de monnaie
構える・かまえる	installer, adopter une posture, se mettre en garde
体付き・からだつき	physique, silhouette, carrure
絡む・からむ	s'emmêler, s'enrouler, être impliqué
借り・かり	dette, emprunt
カルタ	karuta (jeu de cartes)
過労・かろう	surmenage
側・かわ	côté, rangée
可愛がる・かわいがる	chérir, choyer
可愛らしい・かわいらしい	mignon, charmant
交わす・かわす	échanger (des mots, des regards)
代わる代わる・かわるがわる	à tour de rôle, alternativement
観・かん	vue, aspect, conception
簡易・かんい	simple, simplifié
寒気・かんき	froid, vague de froid
還元・かんげん	restitution, réduction (chimie), retour
刊行・かんこう	publication, parution
漢語・かんご	mot sino-japonais
換算・かんさん	conversion
慣習・かんしゅう	coutume, usage
観衆・かんしゅう	spectateurs, public
干渉・かんしょう	ingérence, intervention, interférence
感触・かんしょく	toucher, sensation, impression
歓声・かんせい	cris de joie, acclamations
完璧・かんぺき	parfait, perfection
街・がい	rue, quartier
外観・がいかん	apparence, aspect extérieur
害する・がいする	nuire à, blesser, abîmer
該当・がいとう	correspondre à, relever de
学説・がくせつ	théorie (scientifique), doctrine
楽譜・がくふ	partition (musique)
学歴・がくれき	parcours scolaire, diplômes
崖・がけ	falaise, escarpement
雅致・がち	élégance, raffinement
合唱・がっしょう	chœur, chant choral
がっしり	robuste, solide, costaud
がっちり	solidement, fermement, malin (en affaires)
月日・がっぴ	date
がん	cancer
眼科・がんか	ophtalmologie
頑固・がんこ	têtu, obstiné
願書・がんしょ	dossier de candidature, demande écrite
頑丈・がんじょう	solide, robuste
元来・がんらい	à l'origine, par nature, foncièrement
規格・きかく	norme, standard
着飾る・きかざる	s'endimancher, se parer
器官・きかん	organe
気兼ね・きがね	gêne, scrupule, crainte de déranger
気軽・きがる	décontracté, sans façon, facilement
聞き取り・ききとり	compréhension orale, audition
効き目・ききめ	effet, efficacité
帰京・ききょう	retour à Tokyo
棄権・きけん	abstention, forfait
喜劇・きげき	comédie
起源・きげん	origine
記載・きさい	mention, inscription
きざ	prétentieux, affecté, poseur
期日・きじつ	date fixée, échéance
奇数・きすう	nombre impair
築く・きずく	bâtir, construire, édifier
汽船・きせん	bateau à vapeur
寄贈・きそう	don, donation
貴族・きぞく	noble, aristocrate
鍛える・きたえる	entraîner, endurcir, forger
几帳面・きちょうめん	méticuleux, ordonné, ponctuel
きっちり	exactement, précisément, bien serré
きっぱり	nettement, catégoriquement
規範・きはん	norme, modèle, règle
気まぐれ・きまぐれ	caprice, capricieux, lubie
期末・きまつ	fin de trimestre, fin de période
脚色・きゃくしょく	adaptation (au théâtre, à l'écran), dramatisation
客観・きゃっかん	objectivité, objectif
休学・きゅうがく	interruption des études, congé scolaire
究極・きゅうきょく	ultime, suprême
窮屈・きゅうくつ	étroit, serré, guindé
宮殿・きゅうでん	palais
共感・きょうかん	sympathie, empathie, adhésion
境遇・きょうぐう	situation, condition, circonstances
強行・きょうこう	passer en force, forcer
教材・きょうざい	matériel pédagogique
郷愁・きょうしゅう	nostalgie, mal du pays
共存・きょうそん	coexistence
脅迫・きょうはく	menace, chantage, intimidation
郷里・きょうり	pays natal, village natal
拒絶・きょぜつ	refus, rejet
許容・きょよう	tolérance, admission
清らか・きよらか	pur, limpide, chaste
気楽・きらく	insouciant, à l'aise, tranquille
きらびやか	somptueux, éclatant
きり	fin, limite, seulement
綺麗・きれい	beau, joli, propre
極めて・きわめて	extrêmement, au plus haut point
近眼・きんがん	myopie, myope
均衡・きんこう	équilibre
近視・きんし	myopie
禁じる・きんじる	interdire, prohiber
禁ずる・きんずる	interdire, réprimer
勤勉・きんべん	assiduité, diligence, travailleur
禁物・きんもつ	chose à éviter, tabou
勤労・きんろう	travail, labeur
戯曲・ぎきょく	pièce de théâtre, drame
議決・ぎけつ	décision (votée), résolution
技能・ぎのう	compétence technique, savoir-faire
行・ぎょう	ligne, rangée
漁村・ぎょそん	village de pêcheurs
義理・ぎり	devoir, obligation morale, par alliance
吟味・ぎんみ	examen minutieux, sélection soignée
区・く	arrondissement, district
食い違う・くいちがう	diverger, ne pas concorder, se contredire
空腹・くうふく	faim, ventre creux
区画・くかく	lot, parcelle, division
茎・くき	tige
くぐる	passer sous, se faufiler, plonger
種々・くさぐさ	divers, toutes sortes
籤引・くじびき	tirage au sort, loterie
くすぐったい	chatouilleux, gêné
くちばし	bec
屈折・くっせつ	réfraction, flexion, tordu
組み合わせ・くみあわせ	combinaison, assortiment
組み合わせる・くみあわせる	combiner, assembler
組み込む・くみこむ	intégrer, incorporer
蔵・くら	entrepôt, grenier, cave
苦しめる・くるしめる	tourmenter, faire souffrir
玄人・くろうと	professionnel, expert
愚痴・ぐち	plainte, jérémiades, ronchonner
群・ぐん	groupe, troupe
軍艦・ぐんかん	navire de guerre
群集・ぐんしゅう	foule, multitude
軽快・けいかい	léger, alerte, entraînant
敬具・けいぐ	veuillez agréer (formule finale de lettre)
傾斜・けいしゃ	pente, inclinaison
軽率・けいそつ	irréfléchi, imprudent, étourdi
軽蔑・けいべつ	mépris, dédain
経歴・けいれき	parcours, carrière, CV
獣・けだもの	bête, brute
結核・けっかく	tuberculose
血管・けっかん	vaisseau sanguin
結晶・けっしょう	cristal, cristallisation
結合・けつごう	union, combinaison, liaison
欠乏・けつぼう	manque, pénurie, carence
けなす	dénigrer, critiquer
煙たい・けむたい	enfumé, intimidant
煙る・けむる	fumer, être voilé (par la brume)
権・けん	droit, pouvoir
懸賞・けんしょう	concours (avec prix), récompense
見地・けんち	point de vue
賢明・けんめい	sage, avisé, judicieux
倹約・けんやく	économie, épargne, frugalité
激励・げきれい	encouragement
月謝・げっしゃ	frais mensuels (de cours)
月賦・げっぷ	paiement mensuel, mensualité
下痢・げり	diarrhée
原子・げんし	atome
原書・げんしょ	texte original, version originale
元素・げんそ	élément chimique
現像・げんぞう	développement (photo)
減点・げんてん	pénalité, retrait de points
厳密・げんみつ	strict, rigoureux, précis
言論・げんろん	parole, expression, liberté d'expression
恋する・こいする	être amoureux, aimer
好意・こうい	bienveillance, sympathie, faveur
後悔・こうかい	regret, remords
航海・こうかい	navigation, traversée
鉱業・こうぎょう	industrie minière
高原・こうげん	plateau, hauts plateaux
交互・こうご	alternativement, en alternance
鉱山・こうざん	mine
行進・こうしん	défilé, marche, parade
降水・こうすい	précipitations
洪水・こうずい	inondation, déluge
公然・こうぜん	ouvertement, public, au grand jour
拘束・こうそく	contrainte, restriction, détention
光熱費・こうねつひ	charges (électricité, gaz)
購買・こうばい	achat
降伏・こうふく	capitulation, reddition
興奮・こうふん	excitation, énervement
公募・こうぼ	appel public, recrutement ouvert
巧妙・こうみょう	habile, ingénieux, astucieux
小売・こうり	vente au détail
小切手・こぎって	chèque
告白・こくはく	aveu, confession, déclaration (d'amour)
国有・こくゆう	propriété de l'État, nationalisé
こぐ	ramer, pédaler
心地・ここち	sensation, sentiment, confort
心得・こころえ	connaissances, règles à observer, consignes
心掛け・こころがけ	disposition d'esprit, attention, intention
心掛ける・こころがける	avoir à cœur, veiller à, s'appliquer à
志す・こころざす	aspirer à, viser, se destiner à
心強い・こころづよい	rassurant, encourageant
心細い・こころぼそい	inquiet, désemparé, seul
試みる・こころみる	essayer, tenter
快い・こころよい	agréable, plaisant
戸籍・こせき	état civil, registre familial
固体・こたい	solide (état)
こたつ	kotatsu (table chauffante)
こだわる	tenir à, être exigeant sur, s'attacher à
誇張・こちょう	exagération
滑稽・こっけい	comique, drôle, ridicule
事柄・ことがら	affaire, question, chose
ことごとく	entièrement, tout sans exception
殊に・ことに	particulièrement, surtout
孤独・こどく	solitude, isolement
この間・このあいだ	l'autre jour, récemment
この頃・このごろ	ces temps-ci, récemment
好ましい・このましい	souhaitable, agréable, plaisant
混む・こむ	être bondé, être encombré
込める・こめる	mettre (dans), charger, y mettre (du cœur)
こもる	s'enfermer, être imprégné, être confiné
固有・こゆう	propre, inhérent, particulier
暦・こよみ	calendrier, almanach
懲りる・こりる	être échaudé, apprendre de ses erreurs
根気・こんき	patience, persévérance
混血・こんけつ	métissage, métis
昆虫・こんちゅう	insecte
混同・こんどう	confusion, confondre
ご	(préfixe) honorifique, (préfixe de) politesse
語彙・ごい	vocabulaire, lexique
号・ごう	numéro
合成・ごうせい	synthèse, composé, synthétique
極楽・ごくらく	paradis
ご苦労様・ごくろうさま	merci pour votre peine, bon travail
語源・ごげん	étymologie
誤差・ごさ	marge d'erreur, écart
ごと	chaque, tous les
ご無沙汰・ごぶさた	longue absence de nouvelles, désolé du silence
ごまかす	tromper, maquiller, tricher
再・さい	re-, à nouveau
歳・さい	ans (âge)
再会・さいかい	retrouvailles
細菌・さいきん	bactérie, microbe
細工・さいく	travail artisanal, ouvrage, manigance
採算・さいさん	rentabilité
採集・さいしゅう	collecte, récolte (d'échantillons)
遮る・さえぎる	interrompre, bloquer, intercepter
冴える・さえる	être clair, être vif (esprit), être limpide
竿・さお	perche, canne
栄える・さかえる	prospérer, s'épanouir
杯・さかずき	coupe de saké
逆立ち・さかだち	poirier, équilibre sur les mains
策・さく	plan, stratégie, mesure
錯誤・さくご	erreur, méprise
叫び・さけび	cri
裂ける・さける	se déchirer, se fendre
捧げる・ささげる	offrir, dédier, consacrer
差し掛かる・さしかかる	approcher de, arriver à
指図・さしず	instruction, ordre
差し出す・さしだす	présenter, tendre, soumettre
差し支える・さしつかえる	gêner, poser problème
授ける・さずける	accorder, conférer, transmettre
さぞ	sûrement, certainement
定まる・さだまる	être fixé, être décidé
定める・さだめる	fixer, déterminer, établir
錯覚・さっかく	illusion, impression trompeuse
察する・さっする	deviner, comprendre, compatir
さっと	rapidement, soudain, d'un coup
冊・さつ	(compteur des) livres
悟る・さとる	comprendre, réaliser, atteindre l'éveil
裁く・さばく	juger
様・さま	monsieur, madame (honorifique, très poli), manière
侍・さむらい	samouraï
作用・さよう	action, effet, fonction
爽やか・さわやか	frais, rafraîchissant, agréable
障る・さわる	nuire à, gêner, affecter
酸・さん	acide
さん	monsieur, madame, mademoiselle (suffixe de politesse)
桟橋・さんきょう	jetée, embarcadère, ponton
参照・さんしょう	référence, consultation, se reporter à
賛美・さんび	éloge, louange
産婦人科・さんふじんか	gynécologie-obstétrique
産物・さんぶつ	produit, fruit (de)
山脈・さんみゃく	chaîne de montagnes
座談会・ざだんかい	table ronde, débat
雑・ざつ	bâclé, grossier, négligé
雑談・ざつだん	bavardage, conversation
残酷・ざんこく	cruel, cruauté
仕上げ・しあげ	finition, dernière touche
仕上げる・しあげる	achever, terminer, finir
明々後日・しあさって	dans trois jours
飼育・しいく	élevage
強いて・しいて	de force, à tout prix
強いる・しいる	forcer, contraindre
仕入れる・しいれる	s'approvisionner, acheter (pour revendre)
歯科・しか	dentisterie, dentiste
仕掛け・しかけ	mécanisme, dispositif, piège
市街・しがい	ville, quartiers urbains, rues
しくじる	échouer, rater, faire une gaffe
思考・しこう	pensée, réflexion
滴・しずく	goutte
沈める・しずめる	couler, immerger
慕う・したう	chérir, adorer, regretter
親しむ・したしむ	se familiariser avec, devenir ami
下調べ・したしらべ	recherche préalable, préparation
仕立てる・したてる	confectionner (un vêtement), former, préparer
失格・しっかく	disqualification
質素・しっそ	simple, frugal, modeste
嫉妬・しっと	jalousie
尻尾・しっぽ	queue (d'animal)
室・しつ	pièce, salle
しつけ	éducation, discipline
しなやか	souple, gracieux
凌ぐ・しのぐ	surpasser, endurer, se protéger de
始発・しはつ	premier train
渋い・しぶい	âpre, sobre, raffiné
脂肪・しぼう	graisse, gras
始末・しまつ	règlement, se débarrasser de, état (des choses)
しみる	pénétrer, imprégner, piquer
社交・しゃこう	vie sociale, mondanités
斜面・しゃめん	pente, versant
洒落る・しゃれる	s'habiller avec élégance, faire de l'esprit
周期・しゅうき	cycle, période
衆議院・しゅうぎいん	Chambre des représentants
修行・しゅぎょう	ascèse, formation, apprentissage
襲撃・しゅうげき	attaque, assaut
終始・しゅうし	du début à la fin, constamment
修士・しゅうし	master (diplôme)
執着・しゅうじゃく	attachement, obsession
収容・しゅうよう	accueil, hébergement, internement
修了・しゅうりょう	fin d'un cursus, achèvement
守衛・しゅえい	gardien, vigile
主観・しゅかん	subjectivité
宿命・しゅくめい	destin, fatalité
主食・しゅしょく	aliment de base
主題・しゅだい	thème, sujet
出血・しゅっけつ	saignement, hémorragie
出世・しゅっせ	réussite sociale, promotion
出品・しゅっぴん	exposer, présenter (à une exposition)
出題・しゅつだい	poser une question (d'examen)
諸・しょ	divers, plusieurs
詳細・しょうさい	détail, détaillé
称する・しょうする	prétendre, se nommer, se faire appeler
消息・しょうそく	nouvelles
承諾・しょうだく	consentement, accord
小児科・しょうにか	pédiatrie
照明・しょうめい	éclairage
奨励・しょうれい	encouragement, promotion
諸君・しょくん	messieurs, mesdames, vous tous
処置・しょち	mesure, traitement, soins
しょっちゅう	tout le temps, constamment
処罰・しょばつ	punition, sanction
私用・しよう	usage personnel, affaire privée
使用人・しようにん	employé, domestique
退く・しりぞく	reculer, se retirer
記す・しるす	noter, écrire, consigner
しわ	ride, pli
新・しん	nouveau, néo-
進化・しんか	évolution, progrès
新興・しんこう	émergent, nouveau, en essor
新婚・しんこん	jeunes mariés, nouvellement marié
紳士・しんし	gentleman, monsieur
信者・しんじゃ	croyant, fidèle, adepte
真珠・しんじゅ	perle
心中・しんじゅう	double suicide (amoureux), suicide collectif
神聖・しんせい	sacré, saint
親善・しんぜん	amitié, bonne entente
新築・しんちく	construction neuve, neuf
振動・しんどう	vibration, oscillation
神秘・しんぴ	mystère, mystique
辛抱・しんぼう	patience, endurance, persévérance
真理・しんり	vérité
自覚・じかく	conscience (de soi), prise de conscience
自我・じが	ego, moi
地形・じぎょう	relief, terrain, travaux de fondation
地獄・じごく	enfer
時差・じさ	décalage horaire
自首・じしゅ	se rendre (à la police), se dénoncer
持続・じぞく	durabilité, continuation, durer
辞退・じたい	refus (poli), décliner, renoncer
じっくり	soigneusement, prendre son temps
実費・じっぴ	frais réels, prix coûtant
地主・じぬし	propriétaire foncier
耳鼻科・じびか	ORL (oto-rhino-laryngologie)
弱・じゃく	un peu moins de, faible
若干・じゃっかん	quelques, un peu, un certain nombre
従事・じゅうじ	exercer, être engagé dans, se consacrer à
十字路・じゅうじろ	carrefour
重複・じゅうふく	doublon, répétition, chevauchement
重宝・じゅうほう	pratique, utile, trésor
樹木・じゅもく	arbres
準急・じゅんきゅう	semi-express (train)
情・じょう	sentiment, émotion, affection
畳・じょう	tatami (unité de surface)
状・じょう	forme, état, lettre
情緒・じょうしょ	émotion, charme, atmosphère
情熱・じょうねつ	passion, ardeur
上陸・じょうりく	débarquement, toucher terre
除外・じょがい	exclusion, exception
助言・じょげん	conseil, avis
徐行・じょこう	ralentir, rouler au pas
助詞・じょし	particule (grammaticale)
人・じん	personne, -ien (nationalité)
人格・じんかく	personnalité, caractère
人体・じんたい	corps humain
人目・じんもく	regard des autres
水洗・すいせん	chasse d'eau, à l'eau courante
推測・すいそく	supposition, conjecture
推理・すいり	raisonnement, déduction, roman policier
崇拝・すうはい	adoration, culte, vénération
据える・すえる	installer, placer, poser
清々しい・すがすがしい	frais, rafraîchissant, revigorant
救い・すくい	salut, secours, réconfort
すくう	puiser, écoper, prendre (à la louche)
すぐ	tout de suite, immédiatement, juste (à côté)
健やか・すこやか	en bonne santé, vigoureux
裾・すそ	ourlet, bas (d'un vêtement), pied (d'une montagne)
酸っぱい・すっぱい	acide, aigre
素敵・すてき	magnifique, merveilleux, charmant
素早い・すばやい	rapide, prompt, agile
済ます・すます	terminer, régler, se contenter de
図々しい・ずうずうしい	effronté, sans gêne
ずばり	franchement, sans détour, exactement
ずるずる	traîner, en traînant, sans fin
製・せい	fabriqué en, fabrication
正解・せいかい	bonne réponse, juste
正規・せいき	régulier, officiel, réglementaire
生計・せいけい	gagne-pain, moyens d'existence
清算・せいさん	règlement (de comptes), liquidation
星座・せいざ	constellation
生死・せいし	vie et mort
静止・せいし	immobilité, arrêt
聖書・せいしょ	Bible
誠実・せいじつ	sincère, honnête, loyal
成熟・せいじゅく	maturité, mûrir
盛大・せいだい	grandiose, somptueux
製鉄・せいてつ	sidérurgie
晴天・せいてん	beau temps
成年・せいねん	majorité (âge)
制服・せいふく	uniforme
征服・せいふく	conquête
精密・せいみつ	précis, minutieux, de précision
姓名・せいめい	nom et prénom
生理・せいり	physiologie, règles (menstruation)
整列・せいれつ	se mettre en rang, alignement
急かす・せかす	presser, bousculer
折衷・せっちゅう	compromis, éclectisme, mélange
切実・せつじつ	pressant, sérieux, aigu
切ない・せつない	poignant, douloureux, déchirant
前・ぜん	ancien, ex-
戦災・せんさい	dégâts de guerre
先だって・せんだって	l'autre jour, récemment
先着・せんちゃく	premier arrivé
先天的・せんてんてき	inné, congénital
船舶・せんぱく	navire, bâtiment
税務署・ぜいむしょ	centre des impôts
絶望・ぜつぼう	désespoir
是非とも・ぜひとも	absolument, à tout prix
禅・ぜん	zen
全快・ぜんかい	guérison complète
前途・ぜんと	avenir, perspectives
全滅・ぜんめつ	anéantissement, destruction totale
前例・ぜんれい	précédent
沿う・そう	longer, suivre, se conformer à
添う・そう	accompagner, répondre à (des attentes)
総・そう	total, général, ensemble
相応・そうおう	approprié, convenable, adapté
送金・そうきん	envoi d'argent, virement
装飾・そうしょく	décoration, ornement
遭難・そうなん	accident, naufrage, catastrophe
添える・そえる	ajouter, joindre, accompagner
束縛・そくばく	contrainte, entrave
損なう・そこなう	nuire, endommager, manquer (de faire)
育ち・そだち	éducation, croissance
備え付ける・そなえつける	équiper, installer, munir
備わる・そなわる	être doté de, être pourvu de
園・その	jardin, parc
その上・そのうえ	en outre, de plus
その外・そのほか	en outre, par ailleurs, le reste
そびえる	s'élever, se dresser
素朴・そぼく	simple, naïf, sans artifice
染まる・そまる	se teindre, être imprégné
背く・そむく	désobéir, aller contre, trahir
染める・そめる	teindre, colorer
そらす	détourner, éviter
其れから・それから	et puis, ensuite
存続・そんぞく	maintien, survie, perdurer
ぞんざい	négligent, sans soin, grossier
体格・たいかく	physique, carrure, constitution
大概・たいがい	en général, la plupart
退学・たいがく	abandon des études, renvoi
大金・たいきん	grosse somme
対処・たいしょ	faire face, gérer, traiter
退治・たいじ	extermination, éradication
対談・たいだん	entretien, dialogue
対等・たいとう	égal, sur un pied d'égalité
滞納・たいのう	arriéré, impayé
対比・たいひ	contraste, comparaison
待望・たいぼう	tant attendu, attente
耐える・たえる	endurer, résister, supporter
絶える・たえる	s'éteindre, cesser, disparaître
堪える・たえる	supporter, être digne de
高まる・たかまる	monter, s'élever, s'intensifier
たくましい	robuste, vigoureux, costaud
巧み・たくみ	habile, adroit
丈・たけ	taille, hauteur, longueur
足し算・たしざん	addition
携わる・たずさわる	participer à, être impliqué dans
漂う・ただよう	flotter, dériver, planer
立ち寄る・たちよる	passer (chez), faire un saut
尊い・たっとい	précieux, noble, sacré
貴い・たっとい	précieux, noble, de grande valeur
尊ぶ・たっとぶ	estimer, respecter, valoriser
絶つ・たつ	couper, rompre, s'abstenir de
建前・たてまえ	façade, position officielle, principe affiché
たとえ	même si, quand bien même
たどる	suivre (un chemin), retracer
掌・たなごころ	paume (de la main)
頼み・たのみ	demande, faveur, confiance
他方・たほう	d'autre part, l'autre côté
多忙・たぼう	très occupé, surchargé
保つ・たもつ	garder, maintenir, conserver
たやすい	facile, aisé
たるむ	se détendre, se relâcher, ramollir
垂れる・たれる	pendre, tomber goutte à goutte
単一・たんいつ	unique, simple, seul
担架・たんか	brancard
短気・たんき	colérique, impatient, soupe au lait
探検・たんけん	exploration, expédition
単調・たんちょう	monotone, monotonie
タンパク質・たんぱくしつ	protéine
台無し・だいなし	gâché, ruiné
大便・だいべん	selles, excréments
代弁・だいべん	parler au nom de, porte-parole
代用・だいよう	substitution, succédané
妥結・だけつ	accord, conclusion
だぶだぶ	ample, trop large
騙す・だます	tromper, duper
だらけ	plein de, couvert de
だるい	las, lourd, sans énergie
壇・だん	estrade, tribune
団結・だんけつ	union, solidarité
断然・だんぜん	résolument, de loin, absolument
旦那・だんな	mari, patron, monsieur
近付く・ちかづく	s'approcher, approcher
ちくしょう	bon sang, zut, merde
蓄積・ちくせき	accumulation
知性・ちせい	intelligence, intellect
乳・ちち	lait, sein
縮まる・ちぢまる	rétrécir, se réduire
窒息・ちっそく	asphyxie, étouffement
着手・ちゃくしゅ	commencer, entreprendre
着色・ちゃくしょく	coloration, colorant
着席・ちゃくせき	s'asseoir, prendre place
着陸・ちゃくりく	atterrissage
着工・ちゃっこう	début des travaux
茶の間・ちゃのま	salle de séjour (japonaise)
忠告・ちゅうこく	conseil, avertissement
中傷・ちゅうしょう	calomnie, diffamation
忠実・ちゅうじつ	fidèle, loyal
中断・ちゅうだん	interruption, suspension
中毒・ちゅうどく	intoxication, empoisonnement, addiction
仲人・ちゅうにん	intermédiaire, entremetteur
中和・ちゅうわ	neutralisation
腸・ちょう	intestin
蝶・ちょう	papillon
超・ちょう	super-, ultra-, hyper-
聴覚・ちょうかく	ouïe
聴講・ちょうこう	assister à un cours, auditeur libre
徴収・ちょうしゅう	perception, prélèvement
長大・ちょうだい	très long, immense
丁目・ちょうめ	pâté de maisons, quartier (adresse)
調理・ちょうり	cuisine, préparation des aliments
調和・ちょうわ	harmonie
ちょくちょく	souvent, de temps en temps
直感・ちょっかん	intuition
著名・ちょめい	célèbre, renommé
ちりとり	pelle à poussière
沈没・ちんぼつ	naufrage, couler
沈黙・ちんもく	silence
陳列・ちんれつ	étalage, exposition
追跡・ついせき	poursuite, traque, suivi
次いで・ついで	ensuite, puis
費やす・ついやす	dépenser, consacrer, gaspiller
墜落・ついらく	chute, écrasement (d'avion)
痛感・つうかん	ressentir vivement, prendre pleinement conscience
杖・つえ	canne, bâton
使い・つかい	course, commission, messager
使い道・つかいみち	usage, utilité
束の間・つかのま	instant, bref moment, éphémère
月並み・つきなみ	banal, ordinaire, mensuel
尽きる・つきる	s'épuiser, prendre fin
尽くす・つくす	épuiser, se dévouer, faire tout son possible
繕う・つくろう	raccommoder, réparer, sauver (les apparences)
継ぐ・つぐ	succéder, hériter
付け加える・つけくわえる	ajouter
告げる・つげる	annoncer, informer
つじつま	cohérence, logique
突っ張る・つっぱる	se raidir, s'obstiner, pousser
筒・つつ	tube, cylindre
つつく	picorer, tapoter, asticoter
慎む・つつしむ	s'abstenir, être prudent, modérer
伝言・でんごん	message
勤め先・つとめさき	lieu de travail, employeur
努めて・つとめて	autant que possible, s'efforcer de
津波・つなみ	tsunami, raz-de-marée
募る・つのる	recruter, faire appel à, s'intensifier
唾・つば	salive, crachat
つぶやく	murmurer, marmonner
つぶる	fermer (les yeux)
蕾・つぼみ	bouton (de fleur)
つまむ	pincer, prendre entre les doigts, grignoter
露・つゆ	rosée
強まる・つよまる	se renforcer, s'intensifier
強める・つよめる	renforcer, intensifier
連なる・つらなる	s'aligner, s'étendre, être relié
貫く・つらぬく	traverser, transpercer, persister
連ねる・つらねる	aligner, mettre en rang, énumérer
定義・ていぎ	définition
体裁・ていさい	apparence, présentation, forme
定食・ていしょく	menu (à prix fixe), plat du jour
訂正・ていせい	correction, rectification
停滞・ていたい	stagnation, ralentissement
邸宅・ていたく	résidence, demeure
堤防・ていぼう	digue, levée
手遅れ・ておくれ	trop tard, retard (dans les soins)
手数・てかず	peine, dérangement, nombre de coups
手掛かり・てがかり	indice, piste, prise
手軽・てがる	facile, simple, pratique
的・てき	-ique, -iel (suffixe adjectival)
適応・てきおう	adaptation
適宜・てきぎ	à sa convenance, comme il convient
適性・てきせい	aptitude
手際・てぎわ	habileté, adresse, savoir-faire
手順・てじゅん	procédure, marche à suivre, étapes
手錠・てじょう	menottes
てっきり	sûrement, à coup sûr (et à tort)
徹する・てっする	se consacrer entièrement, pénétrer, passer (la nuit)
手配・てはい	préparatifs, organisation, avis de recherche
手引き・てびき	guide, manuel, initiation
手本・てほん	modèle, exemple
手元・てもと	sous la main, à portée de main
手分け・てわけ	répartition du travail
店・てん	magasin, boutique
点火・てんか	allumage, ignition
転居・てんきょ	déménagement
転勤・てんきん	mutation (professionnelle)
天国・てんごく	paradis, ciel
天才・てんさい	génie, prodige
天災・てんさい	catastrophe naturelle
天体・てんたい	corps céleste, astre
出合う・であう	rencontrer (par hasard), tomber sur
出入り口・でいりぐち	entrée, issue
でかい	énorme, gros
田園・でんえん	campagne, rural
電源・でんげん	alimentation électrique, interrupteur
伝説・でんせつ	légende
電線・でんせん	câble électrique, ligne électrique
伝達・でんたつ	transmission, communication
問い合わせる・といあわせる	se renseigner, demander
問屋・といや	grossiste
陶器・とうき	poterie, céramique
統制・とうせい	contrôle, régulation
逃走・とうそう	fuite, évasion
到達・とうたつ	arrivée, atteindre
とうてい	(ne…) absolument (pas), en aucun cas
当人・とうにん	la personne concernée, l'intéressé
冬眠・とうみん	hibernation
遠ざかる・とおざかる	s'éloigner
とかく	enclin à, de toute façon, ceci et cela
咎める・とがめる	reprocher, blâmer, avoir des remords
時折・ときおり	de temps en temps, parfois
途切れる・とぎれる	s'interrompre, être coupé
説く・とく	expliquer, prêcher, persuader
特技・とくぎ	talent particulier, spécialité
特産・とくさん	spécialité (locale)
特有・とくゆう	propre à, caractéristique
研ぐ・とぐ	aiguiser, affûter, laver (le riz)
刺・とげ	épine, écharde
遂げる・とげる	accomplir, réaliser
年頃・としごろ	âge (approximatif), âge de se marier, adolescence
戸締まり・とじまり	fermer les portes à clé
途上・とじょう	en route, en cours de, en voie de
綴じる・とじる	relier, agrafer
途絶える・とだえる	cesser, s'interrompre
特許・とっきょ	brevet, licence
特権・とっけん	privilège
突如・とつじょ	soudain, tout à coup
整える・ととのえる	arranger, préparer, ajuster
留める・とどめる	arrêter, retenir, garder (en mémoire)
扉・とびら	porte, page de titre
徒歩・とほ	à pied
乏しい・とぼしい	pauvre en, insuffisant, maigre
富む・とむ	être riche (en), abonder
共稼ぎ・ともかせぎ	double salaire (couple)
伴う・ともなう	accompagner, entraîner, impliquer
共働き・ともばたらき	couple où les deux travaillent
捕らえる・とらえる	attraper, saisir, capturer
とりあえず	pour l'instant, d'abord, en attendant
取り扱う・とりあつかう	traiter, manipuler, gérer
鳥居・とりい	torii (portique de sanctuaire)
取り組む・とりくむ	s'attaquer à, se consacrer à
取り締まり・とりしまり	contrôle, répression, surveillance
取り締まる・とりしまる	contrôler, réprimer, surveiller
取り次ぐ・とりつぐ	transmettre, servir d'intermédiaire
取り除く・とりのぞく	enlever, éliminer, retirer
取り巻く・とりまく	entourer, encercler
取り戻す・とりもどす	récupérer, reprendre, retrouver
取り寄せる・とりよせる	commander, faire venir
とりわけ	en particulier, surtout
とんだ	terrible, inattendu, invraisemblable
胴・どう	tronc, torse
同・どう	même, ledit
動員・どういん	mobilisation
同感・どうかん	même avis, être d'accord
同居・どうきょ	cohabitation, vivre ensemble
同情・どうじょう	compassion, pitié, sympathie
道場・どうじょう	dôjô (salle d'arts martiaux)
同等・どうとう	égal, équivalent
堂々・どうどう	imposant, majestueux, avec assurance
どうにか	d'une manière ou d'une autre, tant bien que mal
同封・どうふう	ci-joint, joindre (à une lettre)
どうやら	il semble que, apparemment
動揺・どうよう	agitation, trouble, ébranlement
動力・どうりょく	force motrice, énergie
土台・どだい	fondations, base
土手・どて	talus, berge, digue
怒鳴る・どなる	crier, hurler
どれどれ	voyons voir, montre
鈍感・どんかん	insensible, obtus, peu réceptif
ないし	de … à, ou
内臓・ないぞう	viscères, organes internes
内陸・ないりく	intérieur des terres
苗・なえ	plant, jeune pousse
なおさら	d'autant plus, encore moins
流し・ながし	évier
殴る・なぐる	frapper, cogner
嘆く・なげく	se lamenter, déplorer
和やか・なごやか	paisible, cordial, harmonieux
名残・なごり	vestige, trace, regret (de la séparation)
情け・なさけ	compassion, pitié, bonté
情け深い・なさけぶかい	compatissant, au grand cœur
名高い・なだかい	célèbre, renommé
雪崩・なだれ	avalanche
名付ける・なづける	nommer, baptiser
何しろ・なにしろ	en tout cas, de toute façon, vu que
何卒・なにとぞ	je vous en prie, veuillez
名札・なふだ	badge, étiquette nominative
生臭い・なまぐさい	qui sent le poisson, qui sent le sang
生ぬるい・なまぬるい	tiède, mou, sans conviction
鉛・なまり	plomb
並み・なみ	moyen, ordinaire, au niveau de
滑らか・なめらか	lisse, doux, fluide
舐める・なめる	lécher, sous-estimer, prendre de haut
慣らす・ならす	habituer, apprivoiser, dresser
並びに・ならびに	et, ainsi que
成り立つ・なりたつ	se composer de, être fondé, tenir debout
慣れ・なれ	habitude, expérience
馴れ馴れしい・なれなれしい	trop familier, sans gêne
なんだか	un peu, d'une certaine façon, je ne sais pourquoi
なんて	quel…!, comme…!, des choses comme
何と・なんと	quel, comme, quoi
何とも・なんとも	vraiment, (rien) du tout
荷・に	charge, bagage, fardeau
似通う・にかよう	se ressembler beaucoup
にきび	bouton, acné
賑わう・にぎわう	être animé, être fréquenté, prospérer
憎しみ・にくしみ	haine
肉親・にくしん	proche parent, liens du sang
肉体・にくたい	corps, chair
逃げ出す・にげだす	s'enfuir, s'échapper
にじむ	baver, déteindre, perler
荷造り・にづくり	faire ses bagages, emballage
担う・になう	porter, assumer, se charger de
にもかかわらず	malgré, bien que, néanmoins
入手・にゅうしゅ	obtention, se procurer
入浴・にゅうよく	bain, prendre un bain
人情・にんじょう	humanité, bonté, sentiments humains
任命・にんめい	nomination, désignation
抜かす・ぬかす	omettre, sauter
抜け出す・ぬけだす	s'éclipser, s'échapper, sortir de
沼・ぬま	marais, marécage
音・ね	son, note
値打ち・ねうち	valeur, prix
寝かせる・ねかせる	coucher, mettre au lit, laisser reposer
妬む・ねたむ	jalouser, envier
ねだる	réclamer, quémander
熱湯・ねっとう	eau bouillante
熱意・ねつい	enthousiasme, zèle, ardeur
粘り・ねばり	viscosité, ténacité, persévérance
粘る・ねばる	coller, persévérer, s'accrocher
値引き・ねびき	réduction, remise
根回し・ねまわし	préparer le terrain, tractations préalables
眠たい・ねむたい	somnolent, avoir sommeil
練る・ねる	pétrir, peaufiner, élaborer
年号・ねんごう	nom d'ère
燃焼・ねんしょう	combustion
年長・ねんちょう	aîné, plus âgé
年輪・ねんりん	cerne (d'arbre)
農耕・のうこう	agriculture, culture des champs
農場・のうじょう	ferme, exploitation agricole
納入・のうにゅう	livraison, paiement
逃れる・のがれる	échapper, s'enfuir
軒並み・のきなみ	rangée de maisons, tous sans exception
望ましい・のぞましい	souhaitable
臨む・のぞむ	faire face à, donner sur, assister à
乗っ取る・のっとる	prendre le contrôle, détourner (un avion), s'emparer de
のどか	paisible, calme, serein
罵る・ののしる	insulter, injurier
延べ・のべ	total (cumulé), au total
飲み込む・のみこむ	avaler, comprendre, engloutir
乗り込む・のりこむ	monter (à bord), embarquer, débarquer chez
刃・は	lame, tranchant
派・は	faction, école, courant
配偶者・はいぐうしゃ	conjoint, époux
拝啓・はいけい	Monsieur, Madame (formule d'ouverture de lettre)
排水・はいすい	évacuation des eaux, drainage
配置・はいち	disposition, placement, affectation
配布・はいふ	distribution
配列・はいれつ	disposition, agencement, tableau (programmation)
映える・はえる	briller, mettre en valeur, ressortir
墓地・はかち	cimetière
はかどる	avancer (bien), progresser
はかない	éphémère, fugace, vain
図る・はかる	chercher à, viser, planifier
破棄・はき	annulation, rupture, destruction
迫害・はくがい	persécution
薄弱・はくじゃく	faible, fragile, peu convaincant
白状・はくじょう	aveu, avouer
剥ぐ・はぐ	arracher, dépouiller, écorcher
励ます・はげます	encourager, réconforter
励む・はげむ	s'appliquer, s'efforcer, travailler dur
はげる	s'écailler, se décoller, devenir chauve
恥・はじ	honte
はじく	pichenette, repousser, rebondir
恥じる・はじる	avoir honte
弾む・はずむ	rebondir, s'animer, être enjoué
破損・はそん	dommage, détérioration, casse
果たす・はたす	accomplir, remplir, réaliser
裸足・はだし	pieds nus
はちみつ	miel
発掘・はっくつ	fouilles, excavation, découverte
発育・はついく	croissance, développement
発芽・はつが	germination
発病・はつびょう	déclaration d'une maladie, tomber malade
甚だ・はなはだ	très, extrêmement
華々しい・はなばなしい	brillant, éclatant, spectaculaire
花びら・はなびら	pétale
華やか・はなやか	éclatant, brillant, somptueux
阻む・はばむ	empêcher, entraver, bloquer
浜辺・はまべ	plage, bord de mer
生やす・はやす	laisser pousser (barbe…), faire pousser
早める・はやめる	avancer, accélérer, hâter
原っぱ・はらっぱ	terrain vague, prairie
はるか	lointain, de loin, bien plus
破裂・はれつ	explosion, éclatement, rupture
腫れる・はれる	enfler, gonfler
班・はん	groupe, équipe, section
判・はん	sceau, cachet, format
版・はん	édition, version
反感・はんかん	antipathie, hostilité
版画・はんが	estampe, gravure
反射・はんしゃ	réflexion, réflexe
繁殖・はんしょく	reproduction, prolifération
繁盛・はんじょう	prospérité, prospérer
反する・はんする	être contraire à, contredire, enfreindre
半端・はんぱ	incomplet, à moitié, reste
反乱・はんらん	rébellion, révolte, insurrection
氾濫・はんらん	débordement, crue, inondation
ばい菌・ばいきん	microbe, bactérie
倍率・ばいりつ	grossissement, taux de sélection
馬鹿らしい・ばからしい	absurde, ridicule
漠然・ばくぜん	vague, flou
暴露・ばくろ	révélation, divulgation, exposition
化ける・ばける	se transformer, se déguiser
罰・ばち	châtiment (divin), punition
ばてる	être épuisé, être à plat
万人・ばんじん	tout le monde, tous
万能・ばんのう	polyvalent, universel, tout-puissant
番目・ばんめ	-ième (rang)
非・ひ	non-, in-, tort
費・ひ	frais, coût
控え室・ひかえしつ	salle d'attente, loge
悲観・ひかん	pessimisme, être pessimiste
引き上げる・ひきあげる	relever, augmenter, retirer
率いる・ひきいる	diriger, mener, commander
引き起こす・ひきおこす	provoquer, causer
引き下げる・ひきさげる	baisser, réduire, retirer
引きずる・ひきずる	traîner, entraîner, faire durer
引き取る・ひきとる	reprendre, recueillir, se retirer
引き分け・ひきわけ	match nul, égalité
否決・ひけつ	rejet (d'une proposition)
非行・ひこう	délinquance
日頃・ひごろ	d'habitude, au quotidien
久しい・ひさしい	long, de longue date
悲惨・ひさん	tragique, misérable, désastreux
密か・ひそか	secret, en cachette
浸す・ひたす	tremper, imbiber
ひたすら	uniquement, de tout son cœur, sans relâche
左利き・ひだりきき	gaucher
引っ掛ける・ひっかける	accrocher, enfiler, piéger
必修・ひっしゅう	obligatoire (matière)
匹敵・ひってき	égaler, rivaliser avec
必然・ひつぜん	inévitable, nécessaire
一重・ひとえ	simple (une couche), paupière simple
人柄・ひとがら	caractère, personnalité
ひな	poussin, oisillon, poupée (de la fête des filles)
日向・ひなた	endroit ensoleillé, au soleil
日の丸・ひのまる	drapeau japonais
火花・ひばな	étincelle
悲鳴・ひめい	cri (de détresse), hurlement
百科事典・ひゃっかじてん	encyclopédie
百科辞典・ひゃっかじてん	encyclopédie
冷やかす・ひやかす	taquiner, se moquer, faire du lèche-vitrine
日焼け・ひやけ	bronzage, coup de soleil
標語・ひょうご	slogan, devise
平たい・ひらたい	plat, simple
肥料・ひりょう	engrais
疲労・ひろう	fatigue
広まる・ひろまる	se répandre, se propager
品種・ひんしゅ	variété, race, espèce
貧弱・ひんじゃく	pauvre, maigre, chétif
頻繁・ひんぱん	fréquent
美・び	beauté
微笑・びしょう	sourire
びっしょり	trempé, tout mouillé
描写・びょうしゃ	description, représentation
敏感・びんかん	sensible, réceptif
貧乏・びんぼう	pauvre, pauvreté
不意・ふい	soudain, inattendu, à l'improviste
封・ふう	sceau, cachet, fermeture
封鎖・ふうさ	blocus, blocage, gel (de fonds)
風俗・ふうぞく	mœurs, coutumes, industrie du sexe
風土・ふうど	climat, milieu naturel
深める・ふかめる	approfondir, renforcer
不吉・ふきつ	de mauvais augure, sinistre
布巾・ふきん	torchon (à vaisselle)
覆面・ふくめん	masque, cagoule, anonyme
膨れる・ふくれる	gonfler, enfler, bouder
不景気・ふけいき	récession, marasme, morosité
老ける・ふける	vieillir, prendre de l'âge
ふさわしい	approprié, digne de, convenable
負傷・ふしょう	blessure, blessé
不審・ふしん	suspect, doute, louche
不順・ふじゅん	irrégulier, instable
沸騰・ふっとう	ébullition, bouillir
赴任・ふにん	prendre son poste, rejoindre une affectation
不服・ふふく	mécontentement, objection
普遍・ふへん	universalité, universel
扶養・ふよう	charge (de famille), subvenir aux besoins
振り・ふり	semblant, allure, apparence
付録・ふろく	supplément, annexe
憤慨・ふんがい	indignation, colère
紛失・ふんしつ	perte (d'un objet)
粉末・ふんまつ	poudre
部・ぶ	partie, service, club
部下・ぶか	subordonné
ぶかぶか	trop grand, flottant
侮辱・ぶじょく	insulte, affront
物体・ぶったい	objet, corps
仏像・ぶつぞう	statue de Bouddha
無難・ぶなん	sans risque, acceptable, passable
ぶら下げる・ぶらさげる	suspendre, porter à la main
ぶらぶら	flâner, se balancer, traîner
無礼・ぶれい	impoli, grossier
文化財・ぶんかざい	bien culturel, patrimoine
分業・ぶんぎょう	division du travail
文語・ぶんご	langue écrite, langue littéraire
分散・ぶんさん	dispersion, décentralisation, variance
分子・ぶんし	molécule, numérateur
分配・ぶんぱい	répartition, partage
分母・ぶんぼ	dénominateur
閉口・へいこう	être embarrassé, être excédé, rester sans voix
平行・へいこう	parallèle
平常・へいじょう	normal, habituel
平方・へいほう	carré (mètre carré)
並列・へいれつ	parallèle, côte à côte
経る・へる	passer (par), s'écouler, traverser
偏見・へんけん	préjugé
返答・へんとう	réponse
弁解・べんかい	justification, excuse
便宜・べんぎ	commodité, facilité
弁償・べんしょう	dédommagement, rembourser (des dégâts)
弁論・べんろん	plaidoirie, débat, éloquence
ぺこぺこ	affamé, faire des courbettes
穂・ほ	épi
放棄・ほうき	abandon, renonciation
豊作・ほうさく	bonne récolte
方策・ほうさく	mesure, plan, moyen
奉仕・ほうし	service, bénévolat
報じる・ほうじる	rapporter, annoncer, informer
放置・ほうち	laisser à l'abandon, laisser tel quel
褒美・ほうび	récompense
葬る・ほうむる	enterrer, inhumer, étouffer (une affaire)
飽和・ほうわ	saturation
保温・ほおん	maintien au chaud, isolation thermique
保管・ほかん	garde, conservation, stockage
補給・ほきゅう	ravitaillement, approvisionnement
補強・ほきょう	renforcement
誇る・ほこる	être fier de, s'enorgueillir
ほころびる	se découdre, s'entrouvrir (fleurs), sourire
補充・ほじゅう	complément, réapprovisionnement
舗装・ほそう	revêtement (de route), pavage
補足・ほそく	complément, ajout
発作・ほっさ	crise, attaque
ほっぺた	joue
施す・ほどこす	accorder, appliquer, effectuer
滅びる・ほろびる	périr, disparaître, s'éteindre
本気・ほんき	sérieux, sérieusement, pour de vrai
本能・ほんのう	instinct
本場・ほんば	terre d'origine, haut lieu, authentique
本文・ほんぶん	texte (principal), corps (d'une lettre)
防火・ぼうか	prévention des incendies, ignifugé
紡績・ぼうせき	filature
膨張・ぼうちょう	expansion, dilatation, gonflement
坊ちゃん・ぼっちゃん	fils (d'autrui), fils à papa
没落・ぼつらく	déchéance, chute, ruine
ぼやける	devenir flou, s'estomper
枚・まい	(compteur des) objets plats
舞う・まう	danser, voltiger
前売り・まえうり	prévente, vente à l'avance
前置き・まえおき	préambule, introduction
前もって・まえもって	à l'avance, au préalable
負かす・まかす	battre, vaincre
まかなう	couvrir (les frais), financer, nourrir
紛らわしい・まぎらわしい	trompeur, prêtant à confusion
紛れる・まぎれる	se perdre (dans), se mêler, être distrait
まくる	retrousser, (faire) sans arrêt
真心・まこころ	sincérité, cœur
誠・まこと	sincérité, vérité, loyauté
誠に・まことに	vraiment, sincèrement
まし	préférable, mieux, moins pire
まして	à plus forte raison, encore moins
交わる・まじわる	se croiser, fréquenter
麻酔・ますい	anesthésie
股・また	entrejambe, cuisse
またがる	enfourcher, s'étendre sur
待ち合わせ・まちあわせ	rendez-vous
間違う・まちがう	se tromper, être faux
待ち遠しい・まちどおしい	attendre avec impatience
待ち望む・まちのぞむ	attendre avec impatience, espérer
まちまち	divers, variable, différent
まとめ	résumé, synthèse, conclusion
麻痺・まひ	paralysie, engourdissement
眩しい・まぶしい	éblouissant, aveuglant
眉・まゆ	sourcil
まるっきり	complètement, (pas) du tout
丸々・まるまる	entièrement, tout rond, dodu
丸める・まるめる	arrondir, rouler en boule, embobiner
満月・まんげつ	pleine lune
満場・まんじょう	toute l'assemblée, à l'unanimité
見合い・みあい	rencontre arrangée (en vue d'un mariage)
見合わせる・みあわせる	échanger un regard, reporter, suspendre
見落とす・みおとす	laisser passer, ne pas remarquer
未開・みかい	primitif, non civilisé, inexploré
味覚・みかく	goût (sens)
見苦しい・みぐるしい	disgracieux, indécent, laid
未婚・みこん	célibataire, non marié
惨め・みじめ	misérable, pitoyable
未熟・みじゅく	inexpérimenté, immature, vert
見せびらかす・みせびらかす	exhiber, faire étalage de
満たす・みたす	remplir, satisfaire
乱す・みだす	déranger, perturber, mettre en désordre
乱れる・みだれる	être en désordre, se dérégler, être perturbé
未知・みち	inconnu
導く・みちびく	guider, conduire, mener
身近・みぢか	proche, familier
密集・みっしゅう	dense, concentration, foule
密接・みっせつ	étroit (lien), intime
密度・みつど	densité
見積り・みつもり	devis, estimation
身なり・みなり	tenue, mise
峰・みね	sommet, crête
見逃す・みのがす	manquer, laisser passer, fermer les yeux sur
見晴らし・みはらし	vue, panorama
身振り・みぶり	geste
脈・みゃく	pouls
未練・みれん	regret, attachement
見渡す・みわたす	embrasser du regard, parcourir des yeux
民俗・みんぞく	folklore, coutumes populaires
無意味・むいみ	insensé, dénué de sens
無口・むくち	taciturne, peu bavard
向け・むけ	destiné à, pour
婿・むこ	gendre, marié
無言・むごん	silence, muet
無邪気・むじゃき	innocent, candide, naïf
結び・むすび	conclusion, nœud, onigiri
無駄遣い・むだづかい	gaspillage
無断・むだん	sans permission, sans prévenir
無知・むち	ignorance
無茶・むちゃ	déraisonnable, absurde, excessif
むちゃくちゃ	n'importe quoi, insensé, en pagaille
空しい・むなしい	vain, vide, futile
無能・むのう	incompétent, incapable
むやみに	inconsidérément, à tort et à travers, excessivement
無用・むよう	inutile, superflu
群がる・むらがる	s'attrouper, grouiller
無論・むろん	bien sûr, naturellement
命中・めいちゅう	coup au but, atteindre la cible
明瞭・めいりょう	clair, net
明朗・めいろう	gai, ouvert, transparent
目方・めかた	poids
恵む・めぐむ	faire la charité, bénir
目覚ましい・めざましい	remarquable, spectaculaire
目覚める・めざめる	se réveiller, s'éveiller
めす	femelle (animal)
目つき・めつき	regard, expression des yeux
滅亡・めつぼう	chute, effondrement, extinction
目盛り・めもり	graduation, échelle
面会・めんかい	visite, entrevue, rencontre
面する・めんする	donner sur, faire face à
面目・めんぼく	honneur, réputation, face
設ける・もうける	établir, créer, aménager
申し出る・もうしでる	proposer, se manifester, déclarer
盲点・もうてん	angle mort, point aveugle
猛烈・もうれつ	violent, acharné, intense
もがく	se débattre, se tortiller
目録・もくろく	catalogue, liste, inventaire
模型・もけい	maquette, modèle réduit
もしくは	ou, ou bien
もたらす	apporter, entraîner, causer
もって	par, au moyen de, à cause de
もっぱら	exclusivement, principalement, uniquement
もてなす	recevoir, accueillir, traiter (un hôte)
持てる・もてる	plaire, être populaire (en amour)
物好き・ものずき	curiosité, curieux, excentrique
物足りない・ものたりない	insatisfaisant, il manque quelque chose
もはや	déjà, désormais, (ne…) plus
模範・もはん	modèle, exemple
模倣・もほう	imitation, copie
もめる	se disputer, être en désaccord
腿・もも	cuisse
催す・もよおす	organiser, tenir (une réunion), ressentir
漏らす・もらす	laisser fuir, divulguer, laisser échapper
盛り上がる・もりあがる	s'animer, monter, gonfler
漏る・もる	fuir, goutter
漏れる・もれる	fuir, filtrer, être omis
もろい	fragile, cassant, sensible
野外・やがい	plein air, extérieur
役立つ・やくだつ	être utile, servir
役場・やくば	mairie
夜具・やぐ	literie
屋敷・やしき	demeure, manoir
養う・やしなう	nourrir, entretenir, cultiver
野心・やしん	ambition
易い・やすい	facile
安っぽい・やすっぽい	bon marché, de pacotille, vulgaire
休める・やすめる	reposer, mettre au repos
病・やまい	maladie
闇・やみ	obscurité, ténèbres, marché noir
病む・やむ	tomber malade, souffrir de
ややこしい	compliqué, embrouillé
和らげる・やわらげる	adoucir, atténuer, soulager
憂鬱・ゆううつ	mélancolie, déprime, morosité
有益・ゆうえき	utile, profitable, bénéfique
勇敢・ゆうかん	courageux, brave
夕暮れ・ゆうぐれ	crépuscule, soir
有する・ゆうする	posséder, avoir
融通・ゆうずう	souplesse, accommodement, prêt (d'argent)
優勢・ゆうせい	supériorité, avantage, dominer
誘導・ゆうどう	guidage, orientation, induction
有望・ゆうぼう	prometteur
夕焼け・ゆうやけ	coucher de soleil, ciel rougeoyant
幽霊・ゆうれい	fantôme, revenant
誘惑・ゆうわく	tentation, séduction
茹でる・ゆでる	faire bouillir, cuire à l'eau
ゆとり	marge, aisance, temps libre
指差す・ゆびさす	montrer du doigt
弓・ゆみ	arc
揺らぐ・ゆらぐ	vaciller, être ébranlé, osciller
緩む・ゆるむ	se desserrer, se relâcher
緩める・ゆるめる	desserrer, relâcher, ralentir
緩やか・ゆるやか	doux, lent, souple
用件・ようけん	affaire, objet (d'une visite)
養護・ようご	protection, soins, éducation spécialisée
様式・ようしき	style, forme, format
要する・ようする	nécessiter, requérir
洋風・ようふう	à l'occidentale
余暇・よか	loisirs, temps libre
予感・よかん	pressentiment, prémonition
抑圧・よくあつ	oppression, répression
浴室・よくしつ	salle de bain
欲望・よくぼう	désir, envie
善し悪し・よしあし	le bon et le mauvais, qualité, avantages et inconvénients
よそ見・よそみ	regarder ailleurs, être distrait
よほど	très, beaucoup, sacrément
夜更かし・よふかし	veiller tard, couche-tard
夜更け・よふけ	tard dans la nuit
弱まる・よわまる	s'affaiblir, faiblir
弱める・よわめる	affaiblir, baisser
弱る・よわる	s'affaiblir, être embarrassé
落下・らっか	chute
乱用・らんよう	abus, usage excessif
理屈・りくつ	raisonnement, logique, argument
利子・りし	intérêts (bancaires)
理性・りせい	raison
利息・りそく	intérêts (bancaires)
立体・りったい	solide (géométrie), en relief, 3D
略語・りゃくご	abréviation, sigle
流・りゅう	style, école, manière
料・りょう	frais, tarif, redevance
領域・りょういき	domaine, territoire, champ
領海・りょうかい	eaux territoriales
良好・りょうこう	bon, satisfaisant
良心・りょうしん	conscience
両立・りょうりつ	concilier, compatibilité
旅客・りょかく	passager, voyageur
旅券・りょけん	passeport
履歴・りれき	parcours, antécédents, historique
林業・りんぎょう	sylviculture
類似・るいじ	similitude, ressemblance, similaire
類推・るいすい	analogie, déduction par analogie
冷酷・れいこく	cruel, impitoyable
冷蔵・れいぞう	réfrigération, au frais
冷淡・れいたん	froid, indifférent
恋愛・れんあい	amour, relation amoureuse
連中・れんじゅう	bande, clique, ces gens-là
朗読・ろうどく	lecture à voix haute, récitation
浪費・ろうひ	gaspillage
労力・ろうりょく	effort, peine, main-d'œuvre
ろくな	(pas de) bon, convenable
ろくに	(pas) correctement, (pas) suffisamment
露骨・ろこつ	cru, direct, flagrant
和・わ	harmonie, paix, somme
わざわざ	exprès, spécialement, prendre la peine de
煩わしい・わずらわしい	pénible, ennuyeux, compliqué
詫び・わび	excuses
和風・わふう	à la japonaise
わら	paille
割合に・わりあいに	relativement, comparativement
割り当て・わりあて	attribution, répartition, quota
割り込む・わりこむ	se faufiler, resquiller, interrompre
悪者・わるもの	méchant, vaurien, coquin
アップ	hausse, augmentation, gros plan
アマチュア	amateur
アルカリ	alcali
アルミ	aluminium
アンケート	questionnaire, enquête, sondage
インテリ	intellectuel
インフレ	inflation
エアメール	courrier par avion
オープン	ouvert, ouverture
オレンジ	orange
カーペット	moquette, tapis
カメラマン	photographe, caméraman
カンニング	tricherie (à un examen)
ガイド	guide
ガレージ	garage
クイズ	quiz, devinette
クラブ	club
グラフ	graphique
コーナー	coin, rayon, rubrique
コマーシャル	publicité, spot publicitaire
コミュニケーション	communication
コンテスト	concours
サイズ	taille
サボる	sécher (les cours), tirer au flanc
シート	siège, feuille, bâche
システム	système
シナリオ	scénario
ショック	choc
ジーパン	jean
ジャズ	jazz
ジャンプ	saut, sauter
スタジオ	studio
ストライキ	grève
ストレス	stress
スピード	vitesse
セックス	sexe, rapport sexuel
センス	sens (du goût), goût, sensibilité
ソース	sauce, source
タイミング	timing, moment opportun
タイム	temps (chrono)
タイヤ	pneu
タレント	vedette (de télé), personnalité, talent
タワー	tour
ダース	douzaine
ダウン	baisse, chute, KO
チェンジ	changement
チャンネル	chaîne
データ	données
デザート	dessert
デザイン	design, conception, motif
トラブル	problème, ennui
ドライ	sec
ドリル	perceuse, exercices
ニュアンス	nuance
ノイローゼ	névrose, dépression nerveuse
バッジ	badge, insigne
バット	batte
パジャマ	pyjama
パチンコ	pachinko
パトカー	voiture de police
パンク	crevaison, punk
ヒント	indice, piste
ビジネス	affaires, business
ファン	fan, ventilateur
フロント	réception (d'hôtel), avant
ブーム	vogue, boom, engouement
ベスト	meilleur, gilet
ホール	salle, hall, trou (golf)
ポット	bouilloire, théière, thermos
マーク	marque, logo, symbole
マスコミ	médias, presse
ミスプリント	coquille, faute d'impression
ミセス	madame, femme mariée
ミュージック	musique
ムード	ambiance, atmosphère
メーカー	fabricant
メッセージ	message
メディア	médias
メロディー	mélodie
ルール	règle
レギュラー	titulaire, régulier, habituel
レントゲン	radiographie, rayons X
ロープ	corde
ローマ字・ローマじ	rōmaji, alphabet latin
ロマンチック	romantique
ワット	watt
域外・いきがい	hors de la zone, extérieur
碑・いしぶみ	stèle, monument
一変・いっぺん	changement radical, bouleversement
威力・いりょく	puissance, force, efficacité
大筋・おおすじ	grandes lignes, résumé
簡素・かんそ	simple, sobre
元年・がんねん	première année (d'une ère)
規約・きやく	règlement, statuts, conditions
軽減・けいげん	allègement, réduction
講習・こうしゅう	stage, cours (court)
視覚・しかく	vue, vision
商・しょう	quotient, commerce
書評・しょひょう	critique de livre
信任・しんにん	confiance
女史・じょし	madame (titre honorifique)
僧・そう	moine, bonze
増強・ぞうきょう	renforcement, augmentation
中枢・ちゅうすう	centre, cœur, pivot
配給・はいきゅう	distribution, rationnement
爆破・ばくは	explosion, dynamitage
復旧・ふっきゅう	rétablissement, remise en état
不調・ふちょう	mauvaise forme, dysfonctionnement, échec
問・もん	question, problème
優位・ゆうい	supériorité, avantage
異議・いぎ	objection
考古学・こうこがく	archéologie
根底・こんてい	fondement, base
志望・しぼう	souhait, aspiration, choix (d'orientation)
就業・しゅうぎょう	emploi, travail
出動・しゅつどう	intervention, mobilisation, sortie
所在・しょざい	emplacement, où se trouve
所持・しょじ	possession, détention
指令・しれい	ordre, directive, instruction
責務・せきむ	devoir, obligation
断言・だんげん	affirmation catégorique
弾力・だんりょく	élasticité, souplesse
提示・ていじ	présentation, présenter, montrer
日取り・ひどり	date (fixée), jour convenu
楽観・らっかん	optimisme
老衰・ろうすい	sénilité, décrépitude
歩み・あゆみ	marche, pas, progression
改修・かいしゅう	rénovation, réparation
慣例・かんれい	usage, coutume, précédent
外来・がいらい	importé, d'origine étrangère, consultation externe
教科・きょうか	matière (scolaire), programme
行員・こういん	employé de banque
好評・こうひょう	bon accueil, succès, populaire
最善・さいぜん	le mieux, son possible
雑貨・ざっか	articles divers, bazar
祝賀・しゅくが	célébration, félicitations
仕様・しよう	spécifications, moyen, méthode
心情・しんじょう	sentiments, état d'esprit
実業家・じつぎょうか	homme d'affaires, entrepreneur
盾・たて	bouclier, prétexte
台本・だいほん	scénario, script, livret
投入・とうにゅう	investissement, injection, jeter dans
難・なん	difficulté, défaut, malheur
はす	lotus
比重・ひじゅう	densité, poids relatif, importance
膜・まく	membrane, film, pellicule
申し出・もうしで	proposition, offre, demande
味わい・あじわい	saveur, goût, charme
合致・がっち	concordance, correspondre
休戦・きゅうせん	trêve, armistice, cessez-le-feu
区切り・くぎり	coupure, étape, pause
経路・けいろ	itinéraire, voie, canal
口頭・こうとう	oral, verbal
小柄・こがら	petit (de taille), menu
再現・さいげん	reconstitution, reproduction
差額・さがく	différence (de montant), écart
所定・しょてい	prescrit, fixé, réglementaire
磁気・じき	magnétisme
自在・じざい	librement, à volonté
迅速・じんそく	rapide, prompt
壮大・そうだい	grandiose, magnifique
高・たか	quantité, montant
助け・たすけ	aide, secours
着目・ちゃくもく	attention, porter son attention sur
転じる・てんじる	tourner, changer, détourner
悩ます・なやます	tourmenter, tracasser
一筋・ひとすじ	une ligne, entièrement dévoué à
捕獲・ほかく	capture, prise
招き・まねき	invitation
模索・もさく	tâtonnement, chercher (une solution)
役職・やくしょく	poste (de responsabilité), fonction
利点・りてん	avantage, point fort
幹線・かんせん	grand axe, ligne principale
勧誘・かんゆう	sollicitation, démarchage, invitation
凶作・きょうさく	mauvaise récolte
護衛・ごえい	escorte, garde du corps
財・ざい	fortune, richesse, biens
出費・しゅっぴ	dépenses, frais
勧め・すすめ	recommandation, conseil
制する・せいする	maîtriser, contrôler, l'emporter
全盛・ぜんせい	apogée, âge d'or
像・ぞう	statue, image, portrait
付き・つき	avec, inclus, sous les ordres de
転落・てんらく	chute, déchéance
出直し・でなおし	nouveau départ, revenir plus tard
尿・にょう	urine
把握・はあく	compréhension, saisir, maîtriser
放出・ほうしゅつ	émission, libération, rejet
牧師・ぼくし	pasteur
母校・ぼこう	ancienne école, alma mater
任す・まかす	confier, laisser faire
免除・めんじょ	exemption, dispense
了・りょう	fin, compris
惑星・わくせい	planète
相対・あいたい	face à face, en tête-à-tête
戦・いくさ	guerre, bataille
古・いにしえ	Antiquité, temps anciens
英字・えいじ	lettre de l'alphabet latin
海運・かいうん	transport maritime
翔る・かける	voler, planer, s'élancer
傍ら・かたわら	à côté, tout en, parallèlement
花粉・かふん	pollen
丘陵・きゅうりょう	colline
驚異・きょうい	merveille, prodige
警部・けいぶ	inspecteur de police
三味線・さみせん	shamisen (luth à trois cordes)
仕上がり・しあがり	finition, résultat
私有・しゆう	propriété privée
象・しょう	phénomène, forme
水源・すいげん	source (d'un cours d'eau)
専修・せんしゅう	spécialisation
対面・たいめん	rencontre, face-à-face
同調・どうちょう	alignement, s'aligner sur, accord
保養・ほよう	convalescence, repos, détente
本館・ほんかん	bâtiment principal
埋蔵・まいぞう	gisement, enfoui, réserves
酪農・らくのう	production laitière
良識・りょうしき	bon sens
良質・りょうしつ	de bonne qualité
危ぶむ・あやぶむ	craindre, douter de
一敗・いっぱい	une défaite
応急・おうきゅう	urgence, provisoire, de secours
行い・おこない	conduite, actes, comportement
階層・かいそう	couche, classe (sociale), hiérarchie
加味・かみ	assaisonnement, prise en compte
感慨・かんがい	émotion profonde
享受・きょうじゅ	jouissance, bénéficier de
興業・こうぎょう	entreprise industrielle
耕作・こうさく	culture, labour
社宅・しゃたく	logement de fonction
即する・そくする	se conformer à, s'adapter à
増進・ぞうしん	augmentation, amélioration, stimuler
畜産・ちくさん	élevage
長編・ちょうへん	long (roman, film)
逃亡・とうぼう	fuite, évasion
同級・どうきゅう	même classe, même niveau
果て・はて	bout, fin, extrémité
保母・ほぼ	puéricultrice, éducatrice de jeunes enfants
渦・うず	tourbillon, remous
過密・かみつ	surpeuplé, surchargé
寛容・かんよう	tolérance, indulgence
既婚・きこん	marié
起点・きてん	point de départ
教習・きょうしゅう	formation, cours (de conduite)
議案・ぎあん	projet de loi, proposition
覆す・くつがえす	renverser, bouleverser, infirmer
系・けい	système, lignée, groupe
好況・こうきょう	prospérité, conjoncture favorable
公用・こうよう	affaires officielles, usage public
橋渡し・はしわたし	médiation, servir de pont
振り出し・ふりだし	point de départ, case départ
変遷・へんせん	évolution, transitions
放射・ほうしゃ	rayonnement, émission
交える・まじえる	mêler, échanger, croiser
無念・むねん	regret, dépit, amertume
略奪・りゃくだつ	pillage
天地・あめつち	ciel et terre, univers
意気込む・いきごむ	être plein d'ardeur, s'enthousiasmer
打ち切る・うちきる	arrêter, interrompre, mettre fin à
売り出し・うりだし	soldes, mise en vente
かろうじて	de justesse, à peine
還暦・かんれき	60e anniversaire
桐・きり	paulownia
健在・けんざい	en bonne santé, toujours actif
交易・こうえき	commerce, échanges
購読・こうどく	abonnement (à une revue)
荒廃・こうはい	ruine, délabrement, désolation
差異・さい	différence, écart
下地・したじ	base, fond, prédisposition
生育・せいいく	croissance, développement
唱える・となえる	réciter, proclamer, prôner
布告・ふこく	proclamation, décret
噴出・ふんしゅつ	jaillissement, éruption
暴風・ぼうふう	tempête, vent violent
渡り鳥・わたりどり	oiseau migrateur
頂・いただき	sommet, cime
改訂・かいてい	révision (d'un texte)
君主・くんしゅ	monarque, souverain
形勢・けいせい	situation, tournure
初版・しょはん	première édition
先代・せんだい	prédécesseur, génération précédente
膳・ぜん	plateau-repas, petite table
多数決・たすうけつ	vote à la majorité
断面・だんめん	coupe, section
盗み・ぬすみ	vol
結び付き・むすびつき	lien, rapport
証・あかし	preuve, témoignage
一心・いっしん	de tout son cœur, résolument
大空・おおぞら	ciel, firmament
怪獣・かいじゅう	monstre
学士・がくし	licence (diplôme), diplômé
切れ目・きれめ	entaille, coupure, interruption
原形・げんけい	forme originelle, forme de base
光沢・こうたく	lustre, éclat, brillant
採掘・さいくつ	extraction, exploitation minière
式場・しきじょう	salle de cérémonie
子息・しそく	fils (d'autrui)
衆・しゅう	foule, multitude, peuple
砂利・じゃり	gravier
潜水・せんすい	plongée
編・へん	édition, compilation, volume
恵み・めぐみ	bienfait, bénédiction
遊牧・ゆうぼく	nomadisme
嗚呼・ああ	ah !, oh !, hélas
あたし	moi, je (féminin)
伊・い	Italie
印・いん	sceau, cachet, marque
うんざり	en avoir assez, être dégoûté
云々・うんぬん	et ainsi de suite, etc., commenter
おおい	hé !, ohé !
お先に・おさきに	avant vous, je vous précède
お邪魔します・おじゃまします	excusez-moi de vous déranger
お大事に・おだいじに	prenez soin de vous, bon rétablissement
お使い・おつかい	course, commission
お願いします・おねがいします	s'il vous plaît
怯える・おびえる	avoir peur, être effrayé
おむつ	couche (bébé)
赴く・おもむく	se rendre à, aller vers
かけっこ	course à pied (entre enfants)
ヶ月・かげつ	mois (durée)
かつ	et, de plus
がっくり	abattu, découragé
がる	montrer (un sentiment), avoir l'air de
傷付く・きずつく	être blessé, être vexé
きちっと	exactement, correctement, soigneusement
起伏・きふく	relief, ondulation, hauts et bas
共・とも	tous les deux, ensemble, y compris
切り替える・きりかえる	changer, basculer, commuter
議事堂・ぎじどう	palais de la Diète, parlement
くっきり	nettement, clairement
ぐらい	environ, à peu près
刑罰・けいばつ	peine, châtiment
原文・げんぶん	texte original
香辛料・こうしんりょう	épices
ございます	il y a, être (très poli)
柵・さく	clôture, palissade
嗜好・しこう	goût, préférence
刺繍・ししゅう	broderie
出社・しゅっしゃ	aller au bureau, arriver au travail
消去・しょうきょ	effacement, suppression, élimination
時刻表・じこくひょう	horaires, indicateur des horaires
準じる・じゅんじる	se conformer à, s'appliquer à, être assimilé à
即座に・そくざに	immédiatement, sur-le-champ
辿り着く・たどりつく	parvenir à, arriver enfin
たれ	sauce, (suffixe) péjoratif
第・だい	-ième (ordinal)
だけ	seulement, juste, autant que
ちらっと	d'un coup d'œil, furtivement
司る・つかさどる	diriger, administrer, présider à
壷・つぼ	pot, jarre, vase
と	et, avec, si (quand)
内乱・ないらん	guerre civile, rébellion
なんか	des choses comme, genre, quelque chose
なんだかんだ	ceci et cela, une chose ou une autre
張り紙・はりがみ	affiche, avis placardé
ばらまく	éparpiller, répandre, distribuer à tout va
未・ひつじ	la Chèvre (signe du zodiaque chinois)
一息・ひといき	une pause, un souffle, d'un trait
富豪・ふごう	millionnaire, richard
仏・ふつ	France
分・ふん	minute
物議・ぶつぎ	controverse, polémique
ほっと	soulagé, pousser un soupir de soulagement
卯・ぼう	le Lièvre (signe du zodiaque chinois)
巻・まき	volume, tome, rouleau
見かける・みかける	apercevoir, voir (par hasard)
微塵・みじん	particule, miette, (pas) le moindre
民宿・みんしゅく	chambre d'hôtes, pension
もしかして	peut-être, par hasard
止むを得ない・やむをえない	inévitable, on n'a pas le choix
優美・ゆうび	gracieux, élégant
よっぽど	très, beaucoup, sacrément
ボルト	volt, boulon
隔週・かくしゅう	une semaine sur deux, toutes les deux semaines
簡潔・かんけつ	concis, bref, succinct
岩石・がんせき	roche, rocher
季刊・きかん	trimestriel (publication)
喫茶・きっさ	salon de thé, café
寄与・きよ	contribution
軍服・ぐんぷく	uniforme militaire
製法・せいほう	procédé de fabrication, recette
怠慢・たいまん	négligence, laisser-aller
通・つう	connaisseur, expert, (compteur des) lettres
独創・どくそう	originalité, création originale
微量・びりょう	quantité infime, trace
風習・ふうしゅう	coutume, usage
真っ二つ・まっぷたつ	en deux, en deux parts égales
お産・おさん	accouchement
乙・おつ	chic, original, B (deuxième)
お手上げ・おてあげ	abandonner, rendre les armes, être dépassé
危害・きがい	dommage, préjudice
共学・きょうがく	mixité (scolaire)
神殿・しんでん	temple, sanctuaire
進み・すすみ	progression, avance
精巧・せいこう	minutieux, élaboré, de précision
脱する・だっする	échapper à, sortir de
殿様・とのさま	seigneur
不評・ふひょう	mauvaise réputation, impopularité
奮闘・ふんとう	lutte acharnée, gros effort
まるごと	en entier, tout entier
申し入れる・もうしいれる	proposer, faire une demande, présenter
感度・かんど	sensibilité
計器・けいき	compteur, instrument de mesure, jauge
壕・ごう	tranchée, fossé, abri
合議・ごうぎ	délibération collégiale, concertation
下火・したび	déclin, perte de vitesse
準ずる・じゅんずる	se conformer à, être assimilé à, correspondre
嬢・じょう	demoiselle, Mademoiselle
水気・すいき	humidité, eau
達者・たっしゃ	habile, en bonne santé, doué
投げ出す・なげだす	abandonner, lâcher, jeter
没収・ぼっしゅう	confiscation, saisie
結びつく・むすびつく	être lié à, se rattacher à, mener à
揺さぶる・ゆさぶる	secouer, ébranler
溶液・ようえき	solution (liquide)
写し・うつし	copie, double
獲物・えもの	gibier, proie, butin
押し込む・おしこむ	enfoncer, fourrer, entrer de force
帯びる・おびる	porter, être chargé de, prendre (une teinte)
織り・おり	tissage, tissu
過多・かた	excès, surabondance
粥・かゆ	bouillie de riz
共鳴・きょうめい	résonance, sympathie
仕掛ける・しかける	poser (un piège), lancer (une attaque), commencer
手掛ける・てがける	s'occuper de, avoir en charge, travailler sur
何気ない・なにげない	anodin, nonchalant, l'air de rien
真上・まうえ	juste au-dessus
蜜・みつ	miel, nectar
読み上げる・よみあげる	lire à voix haute, faire l'appel
利潤・りじゅん	profit, bénéfice
風車・かざぐるま	moulin à vent, moulinet (jouet)
観覧・かんらん	visite, contempler (un spectacle)
教職・きょうしょく	enseignement (profession)
兼業・けんぎょう	activité secondaire, double activité
産休・さんきゅう	congé de maternité
産後・さんご	après l'accouchement
私物・しぶつ	effets personnels, propriété privée
伝来・でんらい	transmis, introduit (de l'étranger), héréditaire
等級・とうきゅう	classe, catégorie, grade
年鑑・ねんかん	annuaire, almanach
申し分・もうしぶん	objection, à redire
両極・りょうきょく	les deux pôles, extrêmes
押し寄せる・おしよせる	affluer, déferler
気品・きひん	distinction, élégance, noblesse
記名・きめい	signature, nominatif
旧知・きゅうち	vieil ami, vieille connaissance
刷り・すり	impression, tirage
ずれ	décalage, écart
大部・たいぶ	volumineux, la majeure partie
宙返り・ちゅうがえり	saut périlleux, looping
痛切・つうせつ	vif, poignant, aigu
生身・なまみ	chair et os, être vivant
大柄・おおがら	grand (de stature), à grands motifs
改悪・かいあく	détérioration, changement pour le pire
期・き	période, terme, session
産出・さんしゅつ	production, rendement
山腹・さんぷく	flanc de montagne
絶版・ぜっぱん	épuisé (livre)
善良・ぜんりょう	bon, honnête, vertueux
転校・てんこう	changer d'école
真下・ました	juste en dessous
名産・めいさん	spécialité célèbre, produit renommé
優越・ゆうえつ	supériorité, prédominance
隠居・いんきょ	retraite, retraité
気風・きふう	caractère, tempérament, mentalité
兼用・けんよう	usage mixte, double usage
粉々・こなごな	en miettes, en morceaux
照合・しょうごう	vérification, comparaison, recoupement
短波・たんぱ	ondes courtes
免れる・まぬかれる	échapper à, éviter
来場・らいじょう	venue, présence (sur place)
化する・かする	se transformer en, devenir
気流・きりゅう	courant atmosphérique
小銭・こぜに	petite monnaie
仕切る・しきる	cloisonner, diviser, diriger
手芸・しゅげい	travaux manuels, loisirs créatifs
庶務・しょむ	affaires générales, services généraux
愛憎・あいぞう	amour et haine
朝寝坊・あさねぼう	grasse matinée, se lever tard
あつらえる	commander (sur mesure)
跡継ぎ・あとつぎ	héritier, successeur
幾多・いくた	nombreux, maints
生ける・いける	arranger (des fleurs)
挑む・いどむ	défier, se lancer à l'assaut de
海路・うみじ	voie maritime, par mer
上回る・うわまわる	dépasser, excéder
会・え	réunion, rassemblement (bouddhique)
おだてる	flatter, cajoler
同い年・おないどし	du même âge
回送・かいそう	réexpédition, hors service (train)
回覧・かいらん	circulation (d'un document), circulaire
掻き回す・かきまわす	remuer, mélanger, semer la pagaille
難い・かたい	difficile
片言・かたこと	quelques mots, baragouiner, babil
華美・かび	faste, luxe, tape-à-l'œil
勘弁・かんべん	pardon, indulgence
概略・がいりゃく	aperçu, grandes lignes
眼球・がんきゅう	globe oculaire
きまり悪い・きまりわるい	gêné, embarrassé
窮乏・きゅうぼう	dénuement, pauvreté
首飾り・くびかざり	collier
決行・けっこう	exécution (résolue), mener à bien
家来・けらい	vassal, serviteur
高尚・こうしょう	noble, élevé, raffiné
口述・こうじゅつ	déclaration orale, dictée
語句・ごく	mots et expressions
碁盤・ごばん	goban (plateau de go)
さえずる	gazouiller, chanter (oiseau)
しかしながら	cependant, néanmoins
進呈・しんてい	offrir, cadeau
磁器・じき	porcelaine
字体・じたい	forme des caractères, police
据え付ける・すえつける	installer, monter, fixer
澄ます・すます	rendre clair, tendre (l'oreille), prendre un air détaché
潜入・せんにゅう	infiltration
茶の湯・ちゃのゆ	cérémonie du thé
昼飯・ちゅうはん	déjeuner
仕える・つかえる	servir, être au service de
転任・てんにん	mutation, changement de poste
統率・とうそつ	commandement, direction
動的・どうてき	dynamique
度忘れ・どわすれ	trou de mémoire
鈍る・なまる	s'émousser, s'affaiblir, perdre la main
ねじれる	se tordre, se vriller
逃す・のがす	laisser échapper, rater
拝借・はいしゃく	emprunter (humble)
諮る・はかる	consulter, soumettre à
恥じらう・はじらう	être timide, rougir
果てる・はてる	prendre fin, s'épuiser, mourir
はまる	s'emboîter, tomber dans, être accro
隔たる・へだたる	être éloigné, être distant
報ずる・ほうずる	informer, rapporter
滅ぼす・ほろぼす	détruire, anéantir, ruiner
的・まと	cible, objet (de)
みすぼらしい	miteux, misérable
召す・めす	(honorifique) porter, manger, appeler
寄り掛かる・よりかかる	s'appuyer contre, s'adosser, compter sur
領地・りょうち	territoire, fief
和文・わぶん	texte japonais
球根・きゅうこん	bulbe
興じる・きょうじる	s'amuser, se divertir
出くわす・でくわす	tomber sur, croiser par hasard
熱量・ねつりょう	quantité de chaleur, calories
自転・じてん	rotation (sur soi-même)
整然・せいぜん	ordonné, en ordre
原典・げんてん	texte original, source
国定・こくてい	national, officiel (de l'État)
残金・ざんきん	reste (d'argent), solde
対して・たいして	envers, à l'égard de, par rapport à
手近・てぢか	à portée de main, proche
滞る・とどこおる	stagner, être en retard
西日・にしび	soleil couchant (de l'ouest)
浮力・ふりょく	flottabilité, poussée d'Archimède
封建・ほうけん	féodal
用法・ようほう	mode d'emploi, usage
利根・りこん	intelligence, vivacité d'esprit
課外・かがい	extrascolaire
片付け・かたづけ	rangement
継ぎ目・つぎめ	jointure, raccord
長々・ながなが	longuement, interminable
泊・はく	(compteur des) nuits (séjour)
甘口・あまくち	doux, sucré, flatterie
他意・たい	arrière-pensée, malveillance
取り調べる・とりしらべる	enquêter, interroger
初耳・はつみみ	première nouvelle, entendre pour la première fois
映写・えいしゃ	projection
反り・そり	courbure, cambrure
遠回り・とおまわり	détour
悩ましい・なやましい	tourmentant, séduisant, épineux
案じる・あんじる	s'inquiéter, se soucier
首輪・くびわ	collier (d'animal)
余興・よきょう	divertissement, attraction
口ずさむ・くちずさむ	fredonner
雑木・ざつぼく	arbres divers, taillis
宣教・せんきょう	mission (religieuse), évangélisation
そっけない	sec, froid, brusque
退化・たいか	dégénérescence, régression
立方・たちかた	danseur (danse japonaise)
聴診器・ちょうしんき	stéthoscope
結びつける・むすびつける	attacher, lier, relier
甕・かめ	jarre, pot en terre
修学・しゅうがく	études, apprentissage
釣り鐘・つりがね	cloche (de temple)
呼び止める・よびとめる	interpeller, arrêter (quelqu'un)
慣用・かんよう	usage courant, idiomatique
下取り・したどり	reprise (d'un ancien article)
切開・せっかい	incision, ouverture
暗算・あんざん	calcul mental
概説・がいせつ	aperçu général, introduction
給仕・きゅうじ	service (à table), serveur, garçon de courses
座標・ざひょう	coordonnées
下心・したごころ	arrière-pensée, intention cachée
失調・しっちょう	déséquilibre, trouble
城下・じょうか	ville au pied du château
清純・せいじゅん	pur, innocent
静的・せいてき	statique
転回・てんかい	rotation, revirement, retournement
特派・とくは	envoi spécial, envoyé spécial
取り立てる・とりたてる	recouvrer (une dette), percevoir, promouvoir
見世物・みせもの	spectacle, attraction
持ち切り・もちきり	sujet de toutes les conversations
アクセル	accélérateur
アプローチ	approche
アラブ	arabe
アワー	heure
アンコール	rappel, bis
イエス	Jésus, oui
インターナショナル	international
インフォメーション	information, renseignements
エレガント	élégant
エンジニア	ingénieur
ＯＫ・オーケー	OK, d'accord
オートマチック	automatique
オリエンテーション	orientation, séance d'accueil
オンライン	en ligne
カクテル	cocktail
カット	coupe, coupure, illustration
カテゴリー	catégorie
カムバック	retour, come-back
カルテ	dossier médical
ガイドブック	guide (livre)
キャッチ	attraper, réception
キャリア	carrière, haut fonctionnaire
クレーン	grue
グレー	gris
ゲスト	invité
コメント	commentaire
コンタクト	contact, lentille (de contact)
コントラスト	contraste
コントロール	contrôle, maîtrise
コンパス	compas, boussole
サイクル	cycle
サンキュー	merci
サンタクロース	père Noël
シック	chic
ショー	spectacle, show
ジャンパー	blouson
ジャンボ	géant, énorme
ジャンル	genre
スチーム	vapeur, chauffage à vapeur
ストロー	paille (pour boire)
ストロボ	flash (photo), stroboscope
スプリング	ressort, printemps
スペース	espace
スポーツカー	voiture de sport
スラックス	pantalon
セール	soldes, vente
セクション	section
セレモニー	cérémonie
ゼリー	gelée
ソックス	chaussettes
ソロ	solo
タイトル	titre
タイピスト	dactylo
タイマー	minuteur
タイムリー	opportun, qui tombe à pic
タイル	carreau, carrelage
ダンプ	camion-benne, benne
チームワーク	travail d'équipe
チャイム	carillon, sonnerie
ティッシュペーパー	mouchoir (en papier), Kleenex
テレックス	télex
デコレーション	décoration
デッサン	esquisse, dessin
デモンストレーション	démonstration, manifestation
トーン	ton, tonalité
ドライバー	conducteur, tournevis
ナイター	match en nocturne
ナプキン	serviette (de table)
ナンセンス	absurdité, non-sens
ニュー	nouveau
ネガ	négatif (photo)
ハンガー	cintre
バー	bar, barre
ファイト	combat, courage !, combativité
ファイル	dossier, fichier, classeur
フィルター	filtre
フェリー	ferry
フォーム	forme, formulaire, posture
ブーツ	bottes
ブザー	sonnette, buzzer
ブルー	bleu
ベース	base, basse
ベストセラー	best-seller
ペア	paire, couple
ホース	tuyau (d'arrosage)
ボイコット	boycott
ポーズ	pose, pause
ポイント	point, point important
ポジション	position, poste
ポンプ	pompe
マッサージ	massage
モニター	écran, moniteur, testeur
ヤング	jeune
ユニーク	original, singulier
ユニフォーム	uniforme, tenue (sportive)
ライス	riz (servi dans une assiette)
ラベル	étiquette
ランプ	lampe
ルーズ	négligent, relâché, lâche
レース	course, dentelle
レクリエーション	loisirs, récréation
レッスン	leçon, cours
レディー	dame
レバー	levier, foie
レンジ	cuisinière, micro-ondes
レンタカー	voiture de location
相・あい	mutuellement, ensemble
亜科・あか	sous-famille, sous-ordre
あからさま	ouvertement, manifeste, franc
赤らむ・あからむ	rougir
空き間・あきま	pièce libre, chambre à louer
諦め・あきらめ	résignation, renoncement
あく	âcreté, amertume (des légumes), écume
あくどい	vicieux, malhonnête, criard
悪日・あくび	jour néfaste
浅ましい・あさましい	misérable, honteux, méprisable
あざ笑う・あざわらう	ricaner, se moquer de
東・あずま	l'Est, l'est du Japon
あっけない	décevant, trop court, sans surprise
当て字・あてじ	ateji (kanji employé pour son son)
宛てる・あてる	adresser (à)
天津・あまつ	céleste, impérial
あられ	grésil, crackers de riz
合わせ・あわせ	assemblage, combiné, mis ensemble
怒る・いかる	se mettre en colère
異見・いけん	avis différent, objection
いざ	allons, eh bien, le moment venu
一見・いちげん	client de passage, nouveau venu
一定・いちじょう	certainement, assurément
一別・いちべつ	séparation
一目・いちもく	un coup d'œil, un regard
いとま	loisir, temps libre, congé
稲光・いなびかり	éclair
いまだ	encore, pas encore, jusqu'à présent
いやいや	à contrecœur, non non
いやに	terriblement, étrangement
含嗽・うがい	gargarisme, se gargariser
氏・うじ	clan, nom de famille
空ろ・うつろ	vide, creux, absent (regard)
埋め込む・うめこむ	enfouir, encastrer, intégrer
末・うら	bout, extrémité, cime
上手・うわて	supérieur, plus fort, au-dessus
植わる・うわる	être planté
重・え	-fois, -couches
えい	raie (poisson)
役・えき	guerre, campagne militaire
縁・えん	lien, destin, relation
塩・えん	sel (chimie)
艶・えん	charmant, séduisant, voluptueux
おいて	à, dans, en ce qui concerne
大事・おおごと	affaire grave, gros problème
長・おさ	chef
遅くとも・おそくとも	au plus tard
恐れ入る・おそれいる	être confus, être désolé, être stupéfait
おっかない	effrayant
弟・おと	frère cadet
少女・おとめ	jeune fille, demoiselle
お供・おとも	accompagnateur, suite, accompagner
おどおど	craintivement, timidement
女子・おなご	femme, fille
お宮・おみや	sanctuaire shintô
重なる・おもなる	principal, important
か	(compteur des) objets, (compteur des) choses
介抱・かいほう	soins, s'occuper de (un malade)
佳句・かく	beau passage, belle phrase
かさばる	être encombrant, volumineux
かさむ	s'accumuler, augmenter (frais)
華奢・かしゃ	luxe, faste
火傷・かしょう	brûlure
箇条書き・かじょうがき	liste à puces, énumération
かする	effleurer, frôler
敵・かたき	ennemi, rival
画期・かっき	qui fait date, historique
鉄棒・かなぼう	barre de fer, barre fixe
金庫・かねぐら	coffre-fort, bailleur de fonds
予言・かねごと	prédiction, promesse
下番・かばん	fin de service, relève
かぶれる	avoir une réaction allergique, s'enticher de
構え・かまえ	posture, garde, structure
噛み切る・かみきる	trancher avec les dents
下吏・かり	petit fonctionnaire
涸れる・かれる	se tarir, s'assécher
館・かん	bâtiment, salle, établissement
感無量・かんむりょう	profondément ému, ému aux larmes
貫禄・かんろく	prestance, dignité, carrure
眼鏡・がんきょう	lunettes
贋物・がんぶつ	contrefaçon, faux, imitation
生・き	pur, brut, non dilué
きしむ	grincer, craquer
来る・きたる	prochain, à venir
気立て・きだて	caractère, naturel
きっかり	exactement, pile
甲・きのえ	premier tronc céleste, premier rang
生真面目・きまじめ	trop sérieux, consciencieux
供する・きょうする	offrir, servir, mettre à disposition
局限・きょくげん	limitation, localiser
際・きわ	bord, lisière
僅々・きんきん	à peine, seulement
玉・ぎょく	roi (shôgi), joyau
旧事・くじ	évènements passés
くだん	en question, susmentionné
朽ちる・くちる	pourrir, se décomposer
ぐっと	fermement, d'un coup, beaucoup plus
頃・けい	vers, environ (époque)
汚らわしい・けがらわしい	répugnant, immonde
汚れ・けがれ	impureté, souillure
汚れる・けがれる	être souillé, se salir
吝嗇・けち	avare, radin
傑・けつ	excellence, personne éminente
蹴飛ばす・けとばす	envoyer valser d'un coup de pied, rejeter
圏・けん	sphère, zone
げっそり	amaigri, découragé
原・げん	original, primitif
故・こ	feu (défunt)
戸・こ	(compteur des) foyers
溝・こう	10^32 (grand nombre)
校・こう	école, épreuve (à corriger)
煌々・こうこう	brillamment, éclatant
講読・こうどく	lecture commentée, explication de texte
焦げ茶・こげちゃ	marron foncé
凝らす・こごらす	faire geler, figer
こごる	se figer, geler
こじれる	se compliquer, s'envenimer
梢・こずえ	cime (d'arbre)
こたえる	supporter, endurer
骨董品・こっとうひん	antiquité, objet ancien
こつ	astuce, truc, tour de main
言伝・ことづて	message, ouï-dire
ことによると	peut-être, selon les cas
細やか・こまやか	attentionné, affectueux, détaillé
魂・こん	âme, esprit
業・ごう	karma
強気・ごうぎ	formidable, grandiose
御覧なさい・ごらんなさい	regardez, essayez
盛る・さかる	prospérer, être en chaleur
一昨昨日・さきおととい	il y a trois jours
作物・さくぶつ	œuvre littéraire
差し引く・さしひく	déduire, retrancher
些事・さじ	bagatelle, détail insignifiant
さほど	(pas) tellement, (pas) si
さも	comme si, vraiment
さらう	enlever, kidnapper, rafler
参上・さんじょう	se rendre chez, rendre visite (humble)
秭・し	10^24 (grand nombre)
次・じ	sous-, suivant, ordre
しーん	silence de mort
しきたり	coutume, usage
湿気る・しける	s'humidifier, ramollir
したためる	écrire, rédiger
しつける	éduquer, dresser, faufiler
しなびる	se faner, se flétrir
屎尿・しにょう	excréments, eaux-vannes
しぶとい	tenace, coriace
仕舞・しまい	fin, shimai (danse de nô)
しもべ	serviteur
謝絶・しゃぜつ	refus
洒落・しゃらく	franc, désinvolte
種・しゅ	espèce, sorte
周・しゅう	tour, circonférence, Zhou (dynastie)
修飾・しゅうしょく	ornement, modification (grammaire)
しょしょ	çà et là, par endroits
退ける・しりぞける	repousser, rejeter
代・しろ	prix, frais, matériau
殿・しんがり	arrière-garde, dernier
進度・しんど	avancement, progression
新入生・しんにゅうせい	nouvel élève, étudiant de première année
地方・じかた	région, localité
自尊心・じそんしん	amour-propre, estime de soi
十分・じっぷん	dix minutes
自動詞・じどうし	verbe intransitif
助・じょ	assistant, adjoint
尉・じょう	vieil homme (nô), officier
丈夫・じょうふ	homme valeureux, gentilhomme
蒸留・じょうりゅう	distillation
助動詞・じょどうし	auxiliaire (verbe)
吹奏・すいそう	jouer (d'un instrument à vent)
数詞・すうし	numéral, nom de nombre
すすぐ	rincer
廃れる・すたれる	tomber en désuétude, passer de mode, décliner
すばしこい	agile, vif, leste
天皇・すめらぎ	empereur (du Japon)
擦れ違い・すれちがい	se croiser sans se voir, rendez-vous manqué
すれ違う・すれちがう	se croiser, se manquer, ne pas se comprendre
擦れる・すれる	frotter, s'user, perdre sa candeur
すんなり	sans encombre, facilement, svelte
ずぶ濡れ・ずぶぬれ	trempé jusqu'aux os
ずらっと	en rangée, alignés
盛装・せいそう	tenue de gala, s'endimancher
清濁・せいだく	le pur et l'impur, le bien et le mal
せがれ	fils, mon fils
世辞・せじ	flatterie, compliment
接続詞・せつぞくし	conjonction
仙・せん	ermite, immortel
先先月・せんせんげつ	il y a deux mois
先先週・せんせんしゅう	il y a deux semaines
そこら	par là, quelque part par là, environ
そっぽ	tourner la tête, détourner le regard
それゆえ	par conséquent, c'est pourquoi
揃い・そろい	ensemble, assorti, au complet
対辺・たいへん	côté opposé (géométrie)
焚火・たきび	feu de camp, feu de bois
類・たぐい	sorte, genre, pareil
館・たち	manoir, petit château
奉る・たてまつる	offrir, présenter (respectueusement), vénérer
他動詞・たどうし	verbe transitif
給う・たまう	accorder, daigner
溜まり・たまり	accumulation, lieu de rassemblement
賜る・たまわる	accorder, recevoir (humble)
例・ためし	exemple, précédent
たるみ	relâchement, mou
歎・たん	lamentation, soupir
反・たん	tan (rouleau de tissu, unité de surface)
駄作・ださく	navet, œuvre médiocre
違える・ちがえる	changer, se tromper de, se fouler
契る・ちぎる	promettre, s'engager, jurer
ちやほや	choyer, dorloter, être aux petits soins
中っ腹・ちゅうっぱら	irrité, vexé
沈殿・ちんでん	dépôt, précipitation (chimie), sédimentation
接ぐ・つぐ	joindre, raccorder, greffer
伝言・つてこと	message, ouï-dire
勤まる・つとまる	être à la hauteur (d'une tâche), convenir
つねる	pincer
吊り革・つりかわ	poignée (dans les transports)
体・てい	apparence, allure, état
ていし	échelle
鉄片・てっぺん	morceau de fer, éclat métallique
手筈・てはず	préparatifs, dispositions, plan
手回し・てまわし	préparatifs, dispositions
照り返す・てりかえす	réfléchir (la lumière), renvoyer
点線・てんせん	pointillé
てんで	(pas) du tout, complètement
できもの	furoncle, bouton, tumeur
出切る・できる	être épuisé (stock), ne plus en avoir
棟・とう	bâtiment, aile, (compteur des) bâtiments
等・とう	etc., et ainsi de suite, classe
丁々・とうとう	cliquetis (d'épées), bruit de hache
とっさ	instant, sur le moment, réflexe
帳・とばり	rideau, voile
灯・ともしび	lumière, flamme, lampe
取り替え・とりかえ	échange, remplacement
取り混ぜる・とりまぜる	mélanger, assortir
とろける	fondre, être sous le charme
土産・どさん	produit local
中程・なかほど	milieu, à mi-chemin
なじる	reprocher, réprimander
なつく	s'attacher à, s'apprivoiser
均し・ならし	moyenne, nivellement
なるたけ	autant que possible
何なり・なんなり	n'importe quoi, quoi que ce soit
日当・にっとう	indemnité journalière, salaire à la journée
ねじ回し・ねじまわし	tournevis
鼠・ねず	souris, gris souris
機・はた	métier à tisser
流行り・はやり	mode, vogue, en vogue
腹立ち・はらだち	colère, irritation
ばかばかしい	absurde, ridicule, stupide
万・ばん	toutes choses, absolument
ひいては	et par conséquent, et même, voire
引っ掻く・ひっかく	griffer, égratigner
ひところ	à une époque, autrefois
ひょっと	peut-être, par hasard
びり	dernier, bon dernier
歩・ふ	pion (shôgi)
不便・ふびん	pitié, compassion
震わせる・ふるわせる	faire trembler, trembler de
ふんだん	abondant, à profusion
ぶち	taches, pelage tacheté
辟易・へきえき	être rebuté, en avoir assez, reculer
へりくだる	se montrer humble, s'abaisser
偏・へん	clé de gauche (kanji), penchant
宝器・ほうき	objet précieux, personne remarquable
放り込む・ほうりこむ	jeter dans, lancer dedans
放り出す・ほうりだす	jeter dehors, abandonner, renvoyer
乾し・ほし	séché
干し物・ほしもの	linge qui sèche, linge étendu
ほとり	bord, rive, voisinage
捕吏・ほり	agent de police (ancien)
呆然・ぼうぜん	stupéfait, abasourdi, hébété
ぼつぼつ	peu à peu, petits boutons, çà et là
ぼやく	ronchonner, se plaindre
間誤付く・まごつく	être désemparé, s'embrouiller
まさしく	assurément, sans aucun doute
瞬き・またたき	clignement, scintillement
まとまり	unité, cohésion, conclusion
間々・まま	parfois, de temps en temps
鞠・まり	balle, ballon
真ん前・まんまえ	juste devant
真ん丸い・まんまるい	parfaitement rond
毟る・むしる	arracher, plumer
目論見・もくろみ	projet, plan, dessein
基・もとい	base, fondement
もろに	de plein fouet, directement
かな	je me demande (si), (particule d')interrogation
優・やさ	doux, gracieux
社・やしろ	sanctuaire shintô
夜中・やちゅう	la nuit, toute la nuit
奴・やっこ	serviteur, type
遣り通す・やりとおす	mener à bien, aller jusqu'au bout
やり遂げる・やりとげる	accomplir, mener à terme
欲深い・よくふかい	cupide, avide
よし	roseau
よって	par conséquent, donc
輪・りん	(compteur des) fleurs, (compteur des) roues
インターチェンジ	échangeur (autoroutier)
インターフォン	interphone
ウェートレス	serveuse
ダブる	faire double emploi, se chevaucher, redoubler
トランジスター	transistor
ドライクリーニング	nettoyage à sec
ドライブイン	restaurant routier, drive-in
ビールス	virus
モーテル	motel
